simNo_1-n_5-m_10-fp_0.001-fn_0.1-na_0	cell_0,cell_1,cell_2,cell_3	mut0	0.1330350960676756010954862717	0.1525417998038594165103282491	0.8721222395352235651621017638	999999
simNo_1-n_5-m_12-fp_0.001-fn_0.1-na_0	cell_0,cell_1,cell_2,cell_3	mut0	0.001363631687735034158011606177	0.02335604672733866328266505924	0.05838452472947313020718137892	999999
simNo_1-n_5-m_15-fp_0.001-fn_0.1-na_0	cell_0,cell_1,cell_2,cell_3	mut0	0.0007099644541818729043275178688	0.008287327420299762106429195513	0.08566868643838289164949222655	999999
simNo_1-n_5-m_8-fp_0.001-fn_0.1-na_0	cell_0,cell_1,cell_2,cell_3	mut0	0.1634124379907242896446104624	0.1804519422198007740598393003	0.9055731735581909399938455341	999999
simNo_5-n_5-m_10-fp_0.001-fn_0.1-na_0	cell_0,cell_1,cell_2,cell_3	mut0	0.06500461384297911685799686913	0.07151200547571636328470489645	0.9090028088368044837027073851	999999
simNo_5-n_5-m_12-fp_0.001-fn_0.1-na_0	cell_0,cell_1,cell_2,cell_3	mut0	0.00006440990353774084727317114707	0.00007293155582275558647612167215	0.8831554847708887936215674512	999999
simNo_5-n_5-m_15-fp_0.001-fn_0.1-na_0	cell_0,cell_1,cell_2,cell_3	mut0	0.00003350145774360191096869557621	0.00003685513701581938234219168654	0.9090037497139688587098288608	999999
simNo_5-n_5-m_20-fp_0.001-fn_0.1-na_0	cell_0,cell_1,cell_2,cell_3	mut0	9.472653417589956507844254336E-8	1.052380363675452173640707352E-7	0.9001168916252476100273213893	999999
simNo_5-n_5-m_8-fp_0.001-fn_0.1-na_0	cell_0,cell_1,cell_2,cell_3	mut0	0.01697152333549242692071576539	0.01867356083657501094964089071	0.9088530829241263648629330064	999999
simNo_7-n_5-m_12-fp_0.001-fn_0.1-na_0	cell_0,cell_1,cell_2,cell_3	mut10	0.00008791615429561289918641323230	0.00009681986838969623300660948228	0.9080383578064139864737875401	999999
simNo_7-n_5-m_15-fp_0.001-fn_0.1-na_0	cell_0,cell_1,cell_2,cell_3	mut10	0.0004084708178175014405139675275	0.0004493602878721808142053750747	0.9090051543088065210177997932	999999
simNo_7-n_5-m_20-fp_0.001-fn_0.1-na_0	cell_0,cell_1,cell_2,cell_3	mut10	0.0001033607399180447757178874781	0.0001137069820893267864976528993	0.9090096141751952222964283581	999999
simNo_5-n_5-m_12-fp_0.001-fn_0.1-na_0	cell_0,cell_1,cell_2,cell_3	mut11	0.00006629377028286084686360070786	0.00007293155582275558560853251379	0.9089860971014186963778376770	999999
simNo_5-n_5-m_15-fp_0.001-fn_0.1-na_0	cell_0,cell_1,cell_2,cell_3	mut11	0.00002737075165928639724470167013	0.00003685513701581938234219168654	0.7426577100374911367238186958	999999
simNo_5-n_5-m_20-fp_0.001-fn_0.1-na_0	cell_0,cell_1,cell_2,cell_3	mut11	9.472616058395706792277288832E-8	1.052380363675452173640707352E-7	0.9001133416545773821932706847	999999
simNo_5-n_5-m_15-fp_0.001-fn_0.1-na_0	cell_0,cell_1,cell_2,cell_3	mut13	0.00003350145607702405599751892774	0.00003685513701581938234219168654	0.9090037044942792871901492638	999999
simNo_5-n_5-m_20-fp_0.001-fn_0.1-na_0	cell_0,cell_1,cell_2,cell_3	mut13	9.566545333589582339322734634E-8	1.052380363675452173640707352E-7	0.9090387528876249398153102566	999999
simNo_5-n_5-m_15-fp_0.001-fn_0.1-na_0	cell_0,cell_1,cell_2,cell_3	mut14	0.00003350145588842416594048699525	0.00003685513701581938234219168654	0.9090036993769495109888306745	999999
simNo_5-n_5-m_20-fp_0.001-fn_0.1-na_0	cell_0,cell_1,cell_2,cell_3	mut14	9.472589107707495417748694056E-8	1.052380363675452173640707352E-7	0.9001107807280206333674184606	999999
simNo_1-n_5-m_10-fp_0.001-fn_0.1-na_0	cell_0,cell_1,cell_2,cell_3	mut1	0.01319672044455489202034539263	0.1525417998038594165103282491	0.08651215903787314279092753807	999999
simNo_1-n_5-m_12-fp_0.001-fn_0.1-na_0	cell_0,cell_1,cell_2,cell_3	mut1	0.001363631351878839067561797113	0.02335604672733866328266505924	0.05838451034963398143016559582	999999
simNo_1-n_5-m_15-fp_0.001-fn_0.1-na_0	cell_0,cell_1,cell_2,cell_3	mut1	0.007161290484441203311119831625	0.008287327420299762106429195513	0.8641254437346909177490730066	999999
simNo_1-n_5-m_8-fp_0.001-fn_0.1-na_0	cell_0,cell_1,cell_2,cell_3	mut1	0.1634124379907218534912515651	0.1804519422198007740598393003	0.9055731735581774397049102677	999999
simNo_5-n_5-m_20-fp_0.001-fn_0.1-na_0	cell_0,cell_1,cell_2,cell_3	mut15	9.566554410878466044251555108E-8	1.052380363675452173640707352E-7	0.9090396154359199310273054632	999999
simNo_7-n_5-m_20-fp_0.001-fn_0.1-na_0	cell_0,cell_1,cell_2,cell_3	mut16	0.0001023250538325967289578265966	0.0001137069820893267864976528993	0.8999012369549254529979541569	999999
simNo_5-n_5-m_20-fp_0.001-fn_0.1-na_0	cell_0,cell_1,cell_2,cell_3	mut17	9.566532150034423947580628414E-8	1.052380363675452173640707352E-7	0.9090375001509136287068988129	999999
simNo_5-n_5-m_20-fp_0.001-fn_0.1-na_0	cell_0,cell_1,cell_2,cell_3	mut18	9.566513300468436919631968154E-8	1.052380363675452173640707352E-7	0.9090357090146821243871957573	999999
simNo_5-n_5-m_20-fp_0.001-fn_0.1-na_0	cell_0,cell_1,cell_2,cell_3	mut19	9.302857750112462623181473607E-8	1.052380363675452135072724813E-7	0.8839824526582870373297563111	999999
simNo_7-n_5-m_10-fp_0.001-fn_0.1-na_0	cell_0,cell_1,cell_2,cell_3	mut2	0.1072430622357418669160856902	0.1181061103546282665290352919	0.9080229796217253424425179528	999999
simNo_7-n_5-m_12-fp_0.001-fn_0.1-na_0	cell_0,cell_1,cell_2,cell_3	mut2	0.00008791615430619787710825924862	0.00009681986838969623300660948228	0.9080383579157404924678040654	999999
simNo_7-n_5-m_15-fp_0.001-fn_0.1-na_0	cell_0,cell_1,cell_2,cell_3	mut2	0.0004084708255463801519286050402	0.0004493602878721808142053750747	0.9090051715085433914309990017	999999
simNo_7-n_5-m_20-fp_0.001-fn_0.1-na_0	cell_0,cell_1,cell_2,cell_3	mut2	0.0001023250766049760987664241446	0.0001137069820893267864976528993	0.8999014372274060990756103907	999999
simNo_7-n_5-m_8-fp_0.001-fn_0.1-na_0	cell_0,cell_1,cell_2,cell_3	mut2	0.002052848113781887551813510965	0.002260833007894678139525727522	0.9080051939322713339289499480	999999
simNo_5-n_5-m_10-fp_0.001-fn_0.1-na_0	cell_0,cell_1,cell_2,cell_3	mut3	0.06500461384294359873008570807	0.07151200547571636328470489645	0.9090028088363078100648351805	999999
simNo_5-n_5-m_12-fp_0.001-fn_0.1-na_0	cell_0,cell_1,cell_2,cell_3	mut3	0.00005326628407876396808458307029	0.00007293155582275558647612167215	0.7303599035816016438242504557	999999
simNo_5-n_5-m_15-fp_0.001-fn_0.1-na_0	cell_0,cell_1,cell_2,cell_3	mut3	0.00003309856149941165533379877383	0.00003685513701581938234219168654	0.8980718613311548180824150077	999999
simNo_5-n_5-m_20-fp_0.001-fn_0.1-na_0	cell_0,cell_1,cell_2,cell_3	mut3	9.566570682091210827924819006E-8	1.052380363675452173640707352E-7	0.9090411615701225834076772433	999999
simNo_5-n_5-m_8-fp_0.001-fn_0.1-na_0	cell_0,cell_1,cell_2,cell_3	mut3	0.01486480594039843684088207985	0.01867356083657501094964089071	0.7960348896758593591154476207	999999
simNo_7-n_5-m_10-fp_0.001-fn_0.1-na_0	cell_0,cell_1,cell_2,cell_3	mut4	0.1072430622356587464459510419	0.1181061103546282665290352919	0.9080229796210215645441088970	999999
simNo_7-n_5-m_12-fp_0.001-fn_0.1-na_0	cell_0,cell_1,cell_2,cell_3	mut4	0.00008784837177783006048511874010	0.00009681986838969623300660948228	0.9073382688793146778521908572	999999
simNo_7-n_5-m_15-fp_0.001-fn_0.1-na_0	cell_0,cell_1,cell_2,cell_3	mut4	0.0004084708206204976248595548831	0.0004493602878721808142053750747	0.9090051605465544039435184343	999999
simNo_7-n_5-m_20-fp_0.001-fn_0.1-na_0	cell_0,cell_1,cell_2,cell_3	mut4	1.033343457461340613168261050E-7	0.0001137069820893267864976528993	0.0009087774897143597437071941499	999999
simNo_7-n_5-m_8-fp_0.001-fn_0.1-na_0	cell_0,cell_1,cell_2,cell_3	mut4	0.002052848113777216015144790766	0.002260833007894678139525727522	0.9080051939302050439144254323	999999
simNo_5-n_5-m_10-fp_0.001-fn_0.1-na_0	cell_0,cell_1,cell_2,cell_3	mut5	0.06500461384291761111321138825	0.07151200547571636455361797805	0.9090028088359443917807723698	999999
simNo_5-n_5-m_12-fp_0.001-fn_0.1-na_0	cell_0,cell_1,cell_2,cell_3	mut5	0.00006629377070028328852711609941	0.00007293155582275558560853251379	0.9089861028249006234324393091	999999
simNo_5-n_5-m_15-fp_0.001-fn_0.1-na_0	cell_0,cell_1,cell_2,cell_3	mut5	0.00003350145737087359481750647139	0.00003685513701581938234219168654	0.9090037396006346987743385928	999999
simNo_5-n_5-m_20-fp_0.001-fn_0.1-na_0	cell_0,cell_1,cell_2,cell_3	mut5	9.302894857708660096882827165E-8	1.052380363675452173640707352E-7	0.8839859787214366322160082589	999999
simNo_5-n_5-m_8-fp_0.001-fn_0.1-na_0	cell_0,cell_1,cell_2,cell_3	mut5	0.01697152333549370260768813553	0.01867356083657501094964089071	0.9088530829241946800055849377	999999
simNo_7-n_5-m_10-fp_0.001-fn_0.1-na_0	cell_0,cell_1,cell_2,cell_3	mut5	0.1072430622365723212839980778	0.1181061103546282665290352919	0.9080229796287567683816064996	999999
simNo_7-n_5-m_12-fp_0.001-fn_0.1-na_0	cell_0,cell_1,cell_2,cell_3	mut5	0.00008784839029472547990266040092	0.00009681986838969623300660948228	0.9073384601303019740521025602	999999
simNo_7-n_5-m_15-fp_0.001-fn_0.1-na_0	cell_0,cell_1,cell_2,cell_3	mut5	0.0004084708207541608403915846070	0.0004493602878721808142053750747	0.9090051608440066246659019498	999999
simNo_7-n_5-m_20-fp_0.001-fn_0.1-na_0	cell_0,cell_1,cell_2,cell_3	mut5	0.0001033607308764346847627481994	0.0001137069820893267864976528993	0.9090095346584415030554832750	999999
simNo_7-n_5-m_8-fp_0.001-fn_0.1-na_0	cell_0,cell_1,cell_2,cell_3	mut5	0.002050205697189388705491038985	0.002260833007894678139525727522	0.9068364138484386475939906547	999999
simNo_5-n_5-m_10-fp_0.001-fn_0.1-na_0	cell_0,cell_1,cell_2,cell_3	mut6	0.06500461384290901440980629279	0.07151200547571636455361797805	0.9090028088358241783516018695	999999
simNo_5-n_5-m_12-fp_0.001-fn_0.1-na_0	cell_0,cell_1,cell_2,cell_3	mut6	0.00006629377055130465332999108967	0.00007293155582275558560853251379	0.9089861007821821661546945910	999999
simNo_5-n_5-m_15-fp_0.001-fn_0.1-na_0	cell_0,cell_1,cell_2,cell_3	mut6	0.00003350145723321643548154344632	0.00003685513701581938234219168654	0.9090037358655472596236918651	999999
simNo_5-n_5-m_20-fp_0.001-fn_0.1-na_0	cell_0,cell_1,cell_2,cell_3	mut6	9.566572706045453454114009642E-8	1.052380363675452173640707352E-7	0.9090413538916740381975164713	999999
simNo_5-n_5-m_8-fp_0.001-fn_0.1-na_0	cell_0,cell_1,cell_2,cell_3	mut6	0.01697152333549612496181259256	0.01867356083657501094964089071	0.9088530829243244010665896755	999999
simNo_7-n_5-m_10-fp_0.001-fn_0.1-na_0	cell_0,cell_1,cell_2,cell_3	mut6	0.01322305286500786687115865069	0.1181061103546282665290352919	0.1119590919157697106686885993	999999
simNo_7-n_5-m_12-fp_0.001-fn_0.1-na_0	cell_0,cell_1,cell_2,cell_3	mut6	0.00001177575590556899096086036802	0.00009681986838969623300660948228	0.1216254070721520503100383677	999999
simNo_7-n_5-m_15-fp_0.001-fn_0.1-na_0	cell_0,cell_1,cell_2,cell_3	mut6	0.0004084708190381610631530592863	0.0004493602878721808142053750747	0.9090051570252451017815381466	999999
simNo_7-n_5-m_20-fp_0.001-fn_0.1-na_0	cell_0,cell_1,cell_2,cell_3	mut6	0.0001033607500539570549599137914	0.0001137069820893267864976528993	0.9090097033158275123995997224	999999
simNo_7-n_5-m_8-fp_0.001-fn_0.1-na_0	cell_0,cell_1,cell_2,cell_3	mut6	0.002052848113774206875480803573	0.002260833007894678139525727522	0.9080051939288740567723059224	999999
simNo_7-n_5-m_10-fp_0.001-fn_0.1-na_0	cell_0,cell_1,cell_2,cell_3	mut7	0.1072430622365054050891844362	0.1181061103546282665290352919	0.9080229796281901914736656876	999999
simNo_7-n_5-m_12-fp_0.001-fn_0.1-na_0	cell_0,cell_1,cell_2,cell_3	mut7	0.00008791615430022047585710178303	0.00009681986838969623300660948228	0.9080383578540031512528929246	999999
simNo_7-n_5-m_15-fp_0.001-fn_0.1-na_0	cell_0,cell_1,cell_2,cell_3	mut7	0.0003336531210336459936232255637	0.0004493602878721808142053750747	0.7425069149157938561198384754	999999
simNo_7-n_5-m_20-fp_0.001-fn_0.1-na_0	cell_0,cell_1,cell_2,cell_3	mut7	0.0001033607494399594398004438589	0.0001137069820893267864976528993	0.9090096979160041780935228414	999999
simNo_7-n_5-m_8-fp_0.001-fn_0.1-na_0	cell_0,cell_1,cell_2,cell_3	mut7	0.0002270581542146640136795631386	0.002260833007894678139525727522	0.1004311921410347763665993211	999999
simNo_5-n_5-m_10-fp_0.001-fn_0.1-na_0	cell_0,cell_1,cell_2,cell_3	mut8	0.06500461384291268953061022297	0.07151200547571636455361797805	0.9090028088358755700134561599	999999
simNo_5-n_5-m_12-fp_0.001-fn_0.1-na_0	cell_0,cell_1,cell_2,cell_3	mut8	0.00006629377041776766113497234678	0.00007293155582275558560853251379	0.9089860989511915793152804256	999999
simNo_5-n_5-m_15-fp_0.001-fn_0.1-na_0	cell_0,cell_1,cell_2,cell_3	mut8	0.00003350145657702934977772623530	0.00003685513701581938234219168654	0.9090037180610527213952461396	999999
simNo_5-n_5-m_20-fp_0.001-fn_0.1-na_0	cell_0,cell_1,cell_2,cell_3	mut8	9.566565172585362944748353914E-8	1.052380363675452173640707352E-7	0.9090406380421247175832629683	999999
simNo_7-n_5-m_10-fp_0.001-fn_0.1-na_0	cell_0,cell_1,cell_2,cell_3	mut8	0.1072430622361306706353381752	0.1181061103546282665290352919	0.9080229796250173289289499717	999999
simNo_7-n_5-m_12-fp_0.001-fn_0.1-na_0	cell_0,cell_1,cell_2,cell_3	mut8	0.00008784837177347154218265129945	0.00009681986838969623300660948228	0.9073382688342979021122717249	999999
simNo_7-n_5-m_15-fp_0.001-fn_0.1-na_0	cell_0,cell_1,cell_2,cell_3	mut8	0.0004084708181516594651870074691	0.0004493602878721808142053750747	0.9090051550524370413188954459	999999
simNo_7-n_5-m_20-fp_0.001-fn_0.1-na_0	cell_0,cell_1,cell_2,cell_3	mut8	0.0001033607467809536285739455823	0.0001137069820893267864976528993	0.9090096745312852948008813605	999999
simNo_10-n_5-m_10-fp_0.001-fn_0.1-na_0	cell_0,cell_1,cell_2	mut0	0.002080330519050757396987759092	0.002103504506207463989007973318	0.9889831530722563648217379688	999999
simNo_10-n_5-m_12-fp_0.001-fn_0.1-na_0	cell_0,cell_1,cell_2	mut0	0.01920007511165823739860926554	0.2116504662827515442432542986	0.09071595942532987280825946404	999999
simNo_10-n_5-m_15-fp_0.001-fn_0.1-na_0	cell_0,cell_1,cell_2	mut0	0.08631789832407203346156959906	0.08727914776271871888782599135	0.9889864937583947966952954265	999999
simNo_10-n_5-m_20-fp_0.001-fn_0.1-na_0	cell_0,cell_1,cell_2	mut0	0.0005028438056192742173245302649	0.0005195943591593467253409217431	0.9677622490606455410501307592	999999
simNo_10-n_5-m_8-fp_0.001-fn_0.1-na_0	cell_0,cell_1,cell_2	mut0	0.2473449681504189813434604193	0.2502664639321163611475073816	0.9883264591835611573072773805	999999
simNo_6-n_5-m_10-fp_0.001-fn_0.1-na_0	cell_0,cell_1,cell_2	mut0	0.1981926859585833219162380302	0.2005455624125467435196058617	0.9882676214539054868716703286	999999
simNo_6-n_5-m_12-fp_0.001-fn_0.1-na_0	cell_0,cell_1,cell_2	mut0	0.01075061406264134133582500002	0.01111666879383735710007209179	0.9670715447239966278963579791	999999
simNo_6-n_5-m_15-fp_0.001-fn_0.1-na_0	cell_0,cell_1,cell_2	mut0	0.1027773014556851056549847346	0.1039217300052874891800294434	0.9889875914349755769663276526	999999
simNo_6-n_5-m_8-fp_0.001-fn_0.1-na_0	cell_0,cell_1,cell_2	mut0	0.2726293806255112720854456777	0.2758767071982433927998668013	0.9882290657819160833371694526	999999
simNo_6-n_5-m_12-fp_0.001-fn_0.1-na_0	cell_0,cell_1,cell_2	mut11	0.01099424761243117978701832135	0.01111666879383735710007209179	0.9889876019807262055411394240	999999
simNo_6-n_5-m_15-fp_0.001-fn_0.1-na_0	cell_0,cell_1,cell_2	mut11	0.0009365918466268417244500411176	0.1039217300052874891800294434	0.009012473585449245002769652423	999999
simNo_10-n_5-m_15-fp_0.001-fn_0.1-na_0	cell_0,cell_1,cell_2	mut12	0.08631789820750308752403902416	0.08727914776271871888782599135	0.9889864924228072144879105945	999999
simNo_10-n_5-m_20-fp_0.001-fn_0.1-na_0	cell_0,cell_1,cell_2	mut12	0.0005138819731715906363574038089	0.0005195943591593467253409217431	0.9890060661994133742437731484	999999
simNo_10-n_5-m_10-fp_0.001-fn_0.1-na_0	cell_0,cell_1,cell_2	mut1	0.001877380209599040120092799136	0.002103504506207463976538275624	0.8925011589273383189970281029	999999
simNo_10-n_5-m_12-fp_0.001-fn_0.1-na_0	cell_0,cell_1,cell_2	mut1	0.2091926770626081379178096177	0.2116504662827515442432542986	0.9883875085970282888545923876	999999
simNo_10-n_5-m_15-fp_0.001-fn_0.1-na_0	cell_0,cell_1,cell_2	mut1	0.08631789830625450325004064408	0.08727914776271872148678510850	0.9889864935542505854078064706	999999
simNo_10-n_5-m_20-fp_0.001-fn_0.1-na_0	cell_0,cell_1,cell_2	mut1	0.0005138819370744001852589233880	0.0005195943591593467253409217431	0.9890059967275459169060274200	999999
simNo_10-n_5-m_8-fp_0.001-fn_0.1-na_0	cell_0,cell_1,cell_2	mut1	0.2473449681504203385910397997	0.2502664639321163611475073816	0.9883264591835665805172355015	999999
simNo_10-n_5-m_20-fp_0.001-fn_0.1-na_0	cell_0,cell_1,cell_2	mut16	0.0005028453771813893579229964862	0.0005195943591593467253409217431	0.9677652736549034218199174517	999999
simNo_6-n_5-m_10-fp_0.001-fn_0.1-na_0	cell_0,cell_1,cell_2	mut3	0.1981926859586466466450863981	0.2005455624125467604349200456	0.9882676214542211658187857023	999999
simNo_6-n_5-m_12-fp_0.001-fn_0.1-na_0	cell_0,cell_1,cell_2	mut3	0.01099424761215195356999211411	0.01111666879383735710007209179	0.9889876019556084097153791705	999999
simNo_6-n_5-m_15-fp_0.001-fn_0.1-na_0	cell_0,cell_1,cell_2	mut3	0.1027773015028554031741653137	0.1039217300052874891800294434	0.9889875918888777350306764308	999999
simNo_6-n_5-m_8-fp_0.001-fn_0.1-na_0	cell_0,cell_1,cell_2	mut3	0.2726293806253900645990412690	0.2758767071982433927998668013	0.9882290657814767295126462763	999999
simNo_4-n_5-m_10-fp_0.001-fn_0.1-na_0	cell_0,cell_1,cell_2	mut6	0.1201727665284210808717318026	0.1215236220076161626392995853	0.9888840090767668151563203011	999999
simNo_4-n_5-m_12-fp_0.001-fn_0.1-na_0	cell_0,cell_1,cell_2	mut6	0.2017480689781892747102307695	0.2044346447458847574787618020	0.9868585103516337184550301079	999999
simNo_4-n_5-m_15-fp_0.001-fn_0.1-na_0	cell_0,cell_1,cell_2	mut6	0.0007586184133419609683126515551	0.1621519552562924827259499305	0.004678441355473707474143846147	999999
simNo_4-n_5-m_8-fp_0.001-fn_0.1-na_0	cell_0,cell_1,cell_2	mut6	0.2065718443183730981940252524	0.2089226616291113851406109561	0.9887479065583054829282033618	999999
simNo_10-n_5-m_10-fp_0.001-fn_0.1-na_0	cell_0,cell_1,cell_2	mut7	0.001877380209596465430178090472	0.002103504506207463989007973318	0.8925011589261143135164929591	999999
simNo_10-n_5-m_12-fp_0.001-fn_0.1-na_0	cell_0,cell_1,cell_2	mut7	0.2091926769256622190094371979	0.2116504662827515411724196254	0.9883875079499901874112118308	999999
simNo_10-n_5-m_15-fp_0.001-fn_0.1-na_0	cell_0,cell_1,cell_2	mut7	0.08631789832024679930327586747	0.08727914776271871888782599135	0.9889864937145672129442121000	999999
simNo_10-n_5-m_20-fp_0.001-fn_0.1-na_0	cell_0,cell_1,cell_2	mut7	0.0005138819575809753044186009498	0.0005195943591593467253409217431	0.9890060361940542761140200805	999999
simNo_10-n_5-m_8-fp_0.001-fn_0.1-na_0	cell_0,cell_1,cell_2	mut7	0.2473449681504190894208723040	0.2502664639321163611475073816	0.9883264591835615891566358068	999999
simNo_4-n_5-m_10-fp_0.001-fn_0.1-na_0	cell_0,cell_1,cell_2	mut7	0.1201727665284209195291315636	0.1215236220076161626392995853	0.9888840090767654874918088789	999999
simNo_4-n_5-m_12-fp_0.001-fn_0.1-na_0	cell_0,cell_1,cell_2	mut7	0.2017480689808465069577288732	0.2044346447458847430193366613	0.9868585103646317429347255868	999999
simNo_4-n_5-m_15-fp_0.001-fn_0.1-na_0	cell_0,cell_1,cell_2	mut7	0.007636827885873703448263714850	0.1621519552562924827259499305	0.04709673635327532104064537186	999999
simNo_4-n_5-m_8-fp_0.001-fn_0.1-na_0	cell_0,cell_1,cell_2	mut7	0.2065718443183730600788445093	0.2089226616291113851406109561	0.9887479065583053004914085886	999999
simNo_6-n_5-m_10-fp_0.001-fn_0.1-na_0	cell_0,cell_1,cell_2	mut9	0.1981926859585086498665676030	0.2005455624125467435196058617	0.9882676214535331423093069009	999999
simNo_6-n_5-m_12-fp_0.001-fn_0.1-na_0	cell_0,cell_1,cell_2	mut9	0.01099424761220461001207950169	0.01111666879383735710007209179	0.9889876019603451202411599004	999999
simNo_6-n_5-m_15-fp_0.001-fn_0.1-na_0	cell_0,cell_1,cell_2	mut9	0.1027773014355011230179297236	0.1039217300052874891800294434	0.9889875912407526494224149467	999999
simNo_2-n_5-m_10-fp_0.001-fn_0.1-na_0	cell_0,cell_1	mut0	0.1464928279443870274108600325	0.1469672855267443883932812245	0.9967716789443524048060971701	999999
simNo_2-n_5-m_12-fp_0.001-fn_0.1-na_0	cell_0,cell_1	mut0	0.1988836098096304355598198979	0.1995254041492815412478146779	0.9967833953656802218999708919	999999
simNo_2-n_5-m_15-fp_0.001-fn_0.1-na_0	cell_0,cell_1	mut0	0.1733088002191252650914359731	0.1738696225641991883946191402	0.9967744661959748221640882543	999999
simNo_2-n_5-m_8-fp_0.001-fn_0.1-na_0	cell_0,cell_1	mut0	0.08035635525475089955587772534	0.08061926696389475094631441080	0.9967388476843681038802476517	999999
simNo_7-n_5-m_10-fp_0.001-fn_0.1-na_0	cell_0,cell_1	mut0	0.01060405172588709632665638455	0.1181061103546282665290352919	0.08978410764732759270310654731	999999
simNo_7-n_5-m_12-fp_0.001-fn_0.1-na_0	cell_0,cell_1	mut0	0.00008647723692204742081423940081	0.00009681986838969623300660948228	0.8931765593192079154429295129	999999
simNo_7-n_5-m_15-fp_0.001-fn_0.1-na_0	cell_0,cell_1	mut0	0.0004433897194486434694391277291	0.0004493602878721808077835044675	0.9867131818616876783158388478	999999
simNo_7-n_5-m_20-fp_0.001-fn_0.1-na_0	cell_0,cell_1	mut0	0.0001122209050486348744072811609	0.0001137069820893267864976528993	0.9869306438937543122215016346	999999
simNo_7-n_5-m_8-fp_0.001-fn_0.1-na_0	cell_0,cell_1	mut0	0.001848642980617387422732444956	0.002260833007894678139525727522	0.8176822322400855696940209010	999999
simNo_10-n_5-m_12-fp_0.001-fn_0.1-na_0	cell_0,cell_1	mut10	0.1918182309338566328425092601	0.2116504662827515411724196254	0.9062972281743036408714208097	999999
simNo_10-n_5-m_15-fp_0.001-fn_0.1-na_0	cell_0,cell_1	mut10	0.007856628154543622397019521668	0.08727914776271871888782599135	0.09001724187205664370836382431	999999
simNo_10-n_5-m_20-fp_0.001-fn_0.1-na_0	cell_0,cell_1	mut10	0.000003419558816428063975385092924	0.0005195943591593467253409217431	0.006581208506498373957691020160	999999
simNo_5-n_5-m_12-fp_0.001-fn_0.1-na_0	cell_0,cell_1	mut10	0.00007184138850117820622173960211	0.00007293155582275558560853251379	0.9850521861315176670254406888	999999
simNo_5-n_5-m_15-fp_0.001-fn_0.1-na_0	cell_0,cell_1	mut10	0.00003635960743414638949927395163	0.00003685513701581938234219168654	0.9865546672242652094056688806	999999
simNo_5-n_5-m_20-fp_0.001-fn_0.1-na_0	cell_0,cell_1	mut10	1.036836787699417186697158660E-7	1.052380363675452173640707352E-7	0.9852300779142734622023341459	999999
simNo_2-n_5-m_12-fp_0.001-fn_0.1-na_0	cell_0,cell_1	mut11	0.1988836097944777510288312031	0.1995254041492815412478146779	0.9967833952897365865739564067	999999
simNo_2-n_5-m_15-fp_0.001-fn_0.1-na_0	cell_0,cell_1	mut11	0.01579662864841455703529041779	0.1738696225641991863701605366	0.09085329809456421416325177011	999999
simNo_3-n_5-m_12-fp_0.001-fn_0.1-na_0	cell_0,cell_1	mut11	0.02370380609911723293201604023	0.2609272093864804923342537442	0.09084451619611506129540673228	999999
simNo_3-n_5-m_15-fp_0.001-fn_0.1-na_0	cell_0,cell_1	mut11	0.09432819090048146076702696752	0.09463390163540505812016799479	0.9967695431590530254441860047	999999
simNo_3-n_5-m_20-fp_0.001-fn_0.1-na_0	cell_0,cell_1	mut11	0.000003980897817906090830136237135	0.00004382016109209740898970171180	0.09084626159952688262416873830	999999
simNo_7-n_5-m_12-fp_0.001-fn_0.1-na_0	cell_0,cell_1	mut11	0.00008647723693342110957812808710	0.00009681986838969623300660948228	0.8931765594366805886974523144	999999
simNo_7-n_5-m_15-fp_0.001-fn_0.1-na_0	cell_0,cell_1	mut11	0.0004433897191321761552628662126	0.0004493602878721808142053750747	0.9867131811574257996986877107	999999
simNo_7-n_5-m_20-fp_0.001-fn_0.1-na_0	cell_0,cell_1	mut11	0.0001122208987452561065760543857	0.0001137069820893267864976528993	0.9869305884584709900472216291	999999
simNo_2-n_5-m_15-fp_0.001-fn_0.1-na_0	cell_0,cell_1	mut12	0.1733087986393477357820930428	0.1738696225641991863701605366	0.9967744571099855389694280311	999999
simNo_3-n_5-m_15-fp_0.001-fn_0.1-na_0	cell_0,cell_1	mut12	0.09432819088005616510897310306	0.09463390163540505812016799479	0.9967695429432181575472016282	999999
simNo_3-n_5-m_20-fp_0.001-fn_0.1-na_0	cell_0,cell_1	mut12	0.00004367945033049361307278161736	0.00004382016109209740898970171180	0.9967889035983217346392366805	999999
simNo_7-n_5-m_15-fp_0.001-fn_0.1-na_0	cell_0,cell_1	mut12	0.0004433897189159562520817559582	0.0004493602878721808142053750747	0.9867131806762530992694647412	999999
simNo_7-n_5-m_20-fp_0.001-fn_0.1-na_0	cell_0,cell_1	mut12	0.0001122208980470813965724901249	0.0001137069820893267864976528993	0.9869305823183492739059303301	999999
simNo_7-n_5-m_15-fp_0.001-fn_0.1-na_0	cell_0,cell_1	mut13	0.00004078772709799931713918192462	0.0004493602878721808142053750747	0.09076842836098873015708331910	999999
simNo_7-n_5-m_20-fp_0.001-fn_0.1-na_0	cell_0,cell_1	mut13	0.0001122208977945501186794070669	0.0001137069820893267864976528993	0.9869305800974541867889612356	999999
simNo_10-n_5-m_15-fp_0.001-fn_0.1-na_0	cell_0,cell_1	mut14	0.007856628179256634203625405309	0.08727914776271871888782599135	0.09001724215520573991393017487	999999
simNo_10-n_5-m_20-fp_0.001-fn_0.1-na_0	cell_0,cell_1	mut14	0.0004709505755443743064670937986	0.0005195943591593467253409217431	0.9063812322872916816859525228	999999
simNo_3-n_5-m_15-fp_0.001-fn_0.1-na_0	cell_0,cell_1	mut14	0.008597853551558199234736810418	0.09463390163540505812016799479	0.09085384204788523351541569465	999999
simNo_3-n_5-m_20-fp_0.001-fn_0.1-na_0	cell_0,cell_1	mut14	0.00004367945043038143822752852405	0.00004382016109209740898970171180	0.9967889058778164390245389300	999999
simNo_2-n_5-m_10-fp_0.001-fn_0.1-na_0	cell_0,cell_1	mut1	0.1464928279443904976875489847	0.1469672855267443883932812245	0.9967716789443760173854308252	999999
simNo_2-n_5-m_12-fp_0.001-fn_0.1-na_0	cell_0,cell_1	mut1	0.01812768029026870147477498931	0.1995254041492815412478146779	0.09085399609919284718533655217	999999
simNo_2-n_5-m_15-fp_0.001-fn_0.1-na_0	cell_0,cell_1	mut1	0.001144970339749208783611597282	0.1738696225641991883946191402	0.006585223588016030654600784635	999999
simNo_2-n_5-m_8-fp_0.001-fn_0.1-na_0	cell_0,cell_1	mut1	0.0005305854442143465483372740368	0.08061926696389475094631441080	0.006581372718905626485893174404	999999
simNo_3-n_5-m_10-fp_0.001-fn_0.1-na_0	cell_0,cell_1	mut1	0.3904198453145518147049933519	0.4209297639721062043470244356	0.9275177921141822759360049025	999999
simNo_3-n_5-m_12-fp_0.001-fn_0.1-na_0	cell_0,cell_1	mut1	0.02370380550307343258391837820	0.2609272093864804948912014210	0.09084451391178525919518412093	999999
simNo_3-n_5-m_15-fp_0.001-fn_0.1-na_0	cell_0,cell_1	mut1	0.09432819093104375501470135732	0.09463390163540505812016799479	0.9967695434820059389298984349	999999
simNo_3-n_5-m_20-fp_0.001-fn_0.1-na_0	cell_0,cell_1	mut1	0.00004367945804106534152467667337	0.00004382016109209740898970171180	0.9967890795577782105404782880	999999
simNo_3-n_5-m_8-fp_0.001-fn_0.1-na_0	cell_0,cell_1	mut1	0.05007002470035795964914783663	0.5649520288668460261630426099	0.08862703759252982857061407687	999999
simNo_5-n_5-m_10-fp_0.001-fn_0.1-na_0	cell_0,cell_1	mut1	0.07057406428619424043141299617	0.07151200547571636328470489645	0.9868841436723429110995533530	999999
simNo_5-n_5-m_12-fp_0.001-fn_0.1-na_0	cell_0,cell_1	mut1	0.00007184138857274108111809404069	0.00007293155582275558647612167215	0.9850521871127510060707775137	999999
simNo_5-n_5-m_15-fp_0.001-fn_0.1-na_0	cell_0,cell_1	mut1	0.00003635960748524881502320571339	0.00003685513701581938234219168654	0.9865546686108405869981330116	999999
simNo_5-n_5-m_20-fp_0.001-fn_0.1-na_0	cell_0,cell_1	mut1	1.036836587956619654002342860E-7	1.052380363675452173640707352E-7	0.9852298881133189526650362541	999999
simNo_5-n_5-m_8-fp_0.001-fn_0.1-na_0	cell_0,cell_1	mut1	0.01621737661898329290672507120	0.01867356083657501094964089071	0.8684672816776911969547155661	999999
simNo_7-n_5-m_10-fp_0.001-fn_0.1-na_0	cell_0,cell_1	mut1	0.1051999861399351122229360447	0.1181061103546282665290352919	0.8907243310617806880885520142	999999
simNo_7-n_5-m_12-fp_0.001-fn_0.1-na_0	cell_0,cell_1	mut1	0.00008647723692636443876248262679	0.00009681986838969623300660948228	0.8931765593637960564933531241	999999
simNo_7-n_5-m_15-fp_0.001-fn_0.1-na_0	cell_0,cell_1	mut1	0.0004433897186820456294720970004	0.0004493602878721808077835044675	0.9867131801557117372796625593	999999
simNo_7-n_5-m_20-fp_0.001-fn_0.1-na_0	cell_0,cell_1	mut1	0.0001122209064400327021741945154	0.0001137069820893267864976528993	0.9869306561304507947105767590	999999
simNo_7-n_5-m_8-fp_0.001-fn_0.1-na_0	cell_0,cell_1	mut1	0.001848642980618201902343479822	0.002260833007894678139525727522	0.8176822322404458261164062596	999999
simNo_10-n_5-m_20-fp_0.001-fn_0.1-na_0	cell_0,cell_1	mut15	0.0004709505762466542793823532369	0.0005195943591593467253409217431	0.9063812336388844396432950857	999999
simNo_10-n_5-m_20-fp_0.001-fn_0.1-na_0	cell_0,cell_1	mut17	0.0004709505839717339144431868245	0.0005195943591593467253409217431	0.9063812485064046482138098561	999999
simNo_10-n_5-m_20-fp_0.001-fn_0.1-na_0	cell_0,cell_1	mut18	0.0004709505869213097868077034548	0.0005195943591593467253409217431	0.9063812541830942049223243507	999999
simNo_10-n_5-m_20-fp_0.001-fn_0.1-na_0	cell_0,cell_1	mut19	0.0004709505532118712702542933276	0.0005195943591593467253409217431	0.9063811893066421758971979547	999999
simNo_2-n_5-m_10-fp_0.001-fn_0.1-na_0	cell_0,cell_1	mut2	0.1464928279443877666712126680	0.1469672855267443738028202036	0.9967716789443575338639569664	999999
simNo_2-n_5-m_12-fp_0.001-fn_0.1-na_0	cell_0,cell_1	mut2	0.1988836098206888333865294411	0.1995254041492815412478146779	0.9967833954211037298680882576	999999
simNo_2-n_5-m_15-fp_0.001-fn_0.1-na_0	cell_0,cell_1	mut2	0.1733087991931991539397957526	0.1738696225641991883946191402	0.9967744602954264916307899112	999999
simNo_2-n_5-m_8-fp_0.001-fn_0.1-na_0	cell_0,cell_1	mut2	0.08035635525474520332758761404	0.08061926696389475094631441080	0.9967388476842974479625665550	999999
simNo_5-n_5-m_10-fp_0.001-fn_0.1-na_0	cell_0,cell_1	mut2	0.07057406428619299828276907713	0.07151200547571636328470489645	0.9868841436723255413077868385	999999
simNo_5-n_5-m_12-fp_0.001-fn_0.1-na_0	cell_0,cell_1	mut2	0.00007184138850611786847071375634	0.00007293155582275558647612167215	0.9850521861992477646303558857	999999
simNo_5-n_5-m_15-fp_0.001-fn_0.1-na_0	cell_0,cell_1	mut2	0.00003635960746273180878121266025	0.00003685513701581938234219168654	0.9865546679998808113682650002	999999
simNo_5-n_5-m_20-fp_0.001-fn_0.1-na_0	cell_0,cell_1	mut2	1.036836540739862779341257817E-7	1.052380363675452173640707352E-7	0.9852298432466922990129816063	999999
simNo_5-n_5-m_8-fp_0.001-fn_0.1-na_0	cell_0,cell_1	mut2	0.001491630545962012920609393769	0.01867356083657501094964089071	0.07987927739204552113841762740	999999
simNo_10-n_5-m_10-fp_0.001-fn_0.1-na_0	cell_0,cell_1	mut3	0.001744274805611986295964849528	0.002103504506207463989007973318	0.8292232322130106891398564811	999999
simNo_10-n_5-m_12-fp_0.001-fn_0.1-na_0	cell_0,cell_1	mut3	0.1918182309761815244308153546	0.2116504662827515411724196254	0.9062972283742790641797859109	999999
simNo_10-n_5-m_15-fp_0.001-fn_0.1-na_0	cell_0,cell_1	mut3	0.07908962953171814462185509503	0.08727914776271871888782599135	0.9061686732635727415390748128	999999
simNo_10-n_5-m_20-fp_0.001-fn_0.1-na_0	cell_0,cell_1	mut3	0.0004709501586709846047150937886	0.0005195943591593467253409217431	0.9063804299818348322068519656	999999
simNo_10-n_5-m_8-fp_0.001-fn_0.1-na_0	cell_0,cell_1	mut3	0.2267923780830379922376121930	0.2502664639321163611475073816	0.9062036300019582015730360429	999999
simNo_3-n_5-m_10-fp_0.001-fn_0.1-na_0	cell_0,cell_1	mut3	0.3904198453127409490895006529	0.4209297639721062043470244356	0.9275177921098802147122880170	999999
simNo_3-n_5-m_12-fp_0.001-fn_0.1-na_0	cell_0,cell_1	mut3	0.2598650446834330043436104395	0.2609272093864804948912014210	0.9959292681451468248918496343	999999
simNo_3-n_5-m_15-fp_0.001-fn_0.1-na_0	cell_0,cell_1	mut3	0.09432819092751345709834128930	0.09463390163540505812016799479	0.9967695434447011479897424842	999999
simNo_3-n_5-m_20-fp_0.001-fn_0.1-na_0	cell_0,cell_1	mut3	0.00004367945786818256741400902036	0.00004382016109209740898970171180	0.9967890756124989189532645278	999999
simNo_3-n_5-m_8-fp_0.001-fn_0.1-na_0	cell_0,cell_1	mut3	0.5154873073726898419475728366	0.5649520288668460261630426099	0.9124443864846893715877490944	999999
simNo_8-n_5-m_10-fp_0.001-fn_0.1-na_0	cell_0,cell_1	mut3	0.001396604255158699683084625522	0.01537210668581159188143242122	0.09085314613694173742180805490	999999
simNo_8-n_5-m_12-fp_0.001-fn_0.1-na_0	cell_0,cell_1	mut3	0.01103230246774125075631503211	0.01106790247099479133089999007	0.9967834914206340291563448111	999999
simNo_8-n_5-m_15-fp_0.001-fn_0.1-na_0	cell_0,cell_1	mut3	0.07390648274610689988160525712	0.07414496387493668491267491767	0.9967835829115509339939173368	999999
simNo_8-n_5-m_8-fp_0.001-fn_0.1-na_0	cell_0,cell_1	mut3	0.2029314231305594568017859886	0.2035886903678954270781925691	0.9967715925862666833204302320	999999
simNo_8-n_5-m_10-fp_0.001-fn_0.1-na_0	cell_0,cell_1	mut4	0.01532251866325979432517795523	0.01537210668581159188143242122	0.9967741557116847782780461357	999999
simNo_8-n_5-m_12-fp_0.001-fn_0.1-na_0	cell_0,cell_1	mut4	0.01103230246769971154356949060	0.01106790247099479133089999007	0.9967834914168809049438391750	999999
simNo_8-n_5-m_15-fp_0.001-fn_0.1-na_0	cell_0,cell_1	mut4	0.07390648275795725171727075492	0.07414496387493668491267491767	0.9967835830713777275662220782	999999
simNo_8-n_5-m_8-fp_0.001-fn_0.1-na_0	cell_0,cell_1	mut4	0.2029314231305594586538636346	0.2035886903678954270781925691	0.9967715925862666924175841194	999999
simNo_10-n_5-m_10-fp_0.001-fn_0.1-na_0	cell_0,cell_1	mut6	0.001744274805612108415710510822	0.002103504506207463989007973318	0.8292232322130687445161587031	999999
simNo_10-n_5-m_12-fp_0.001-fn_0.1-na_0	cell_0,cell_1	mut6	0.1918182309437218334521623048	0.2116504662827515411724196254	0.9062972282209144553095698147	999999
simNo_10-n_5-m_15-fp_0.001-fn_0.1-na_0	cell_0,cell_1	mut6	0.07908962953237245546741270788	0.08727914776271871888782599135	0.9061686732710695017885728227	999999
simNo_10-n_5-m_20-fp_0.001-fn_0.1-na_0	cell_0,cell_1	mut6	0.0004709502126060862466854526632	0.0005195943591593467253409217431	0.9063805337841581084489610101	999999
simNo_10-n_5-m_8-fp_0.001-fn_0.1-na_0	cell_0,cell_1	mut6	0.2267923780830307066392515314	0.2502664639321163611475073816	0.9062036300019290902081084680	999999
simNo_3-n_5-m_10-fp_0.001-fn_0.1-na_0	cell_0,cell_1	mut6	0.03797878477667402198526809086	0.4209297639721062043470244356	0.09022594272803850951799425063	999999
simNo_3-n_5-m_12-fp_0.001-fn_0.1-na_0	cell_0,cell_1	mut6	0.2598650446723427170740872467	0.2609272093864804923342537442	0.9959292681026434587267769742	999999
simNo_3-n_5-m_15-fp_0.001-fn_0.1-na_0	cell_0,cell_1	mut6	0.09432819092705956153001141293	0.09463390163540505812016799479	0.9967695434399048164374559200	999999
simNo_3-n_5-m_20-fp_0.001-fn_0.1-na_0	cell_0,cell_1	mut6	0.00004367945056484581790118717070	0.00004382016109209740898970171180	0.9967889089463669948075971235	999999
simNo_3-n_5-m_8-fp_0.001-fn_0.1-na_0	cell_0,cell_1	mut6	0.05007002469606022196766314391	0.5649520288668460261630426099	0.08862703758492256731322043400	999999
simNo_2-n_5-m_10-fp_0.001-fn_0.1-na_0	cell_0,cell_1	mut7	0.1464928279443890966637990129	0.1469672855267443738028202036	0.9967716789443665834465329668	999999
simNo_2-n_5-m_12-fp_0.001-fn_0.1-na_0	cell_0,cell_1	mut7	0.001313951850204377319573687736	0.1995254041492815314231268151	0.006585386235936656854283492029	999999
simNo_2-n_5-m_15-fp_0.001-fn_0.1-na_0	cell_0,cell_1	mut7	0.1733088005697739213726012221	0.1738696225641991863701605366	0.9967744682127081257037635401	999999
simNo_2-n_5-m_8-fp_0.001-fn_0.1-na_0	cell_0,cell_1	mut7	0.08035635525482034758713919548	0.08061926696389475374002822618	0.9967388476852295015246777606	999999
simNo_8-n_5-m_10-fp_0.001-fn_0.1-na_0	cell_0,cell_1	mut7	0.01532251866326751925835298178	0.01537210668581159188143242122	0.9967741557121873075235760694	999999
simNo_8-n_5-m_12-fp_0.001-fn_0.1-na_0	cell_0,cell_1	mut7	0.01103230246774917940912144569	0.01106790247099479133089999007	0.9967834914213503936912864482	999999
simNo_8-n_5-m_15-fp_0.001-fn_0.1-na_0	cell_0,cell_1	mut7	0.07390648273263724547795911698	0.07414496387493668491267491767	0.9967835827298844566001734806	999999
simNo_8-n_5-m_8-fp_0.001-fn_0.1-na_0	cell_0,cell_1	mut7	0.2029314231305594662895437096	0.2035886903678954270781925691	0.9967715925862667299230077321	999999
simNo_10-n_5-m_10-fp_0.001-fn_0.1-na_0	cell_0,cell_1	mut8	0.001744274805612829138357868375	0.002103504506207463976538275624	0.8292232322134113789081429793	999999
simNo_10-n_5-m_12-fp_0.001-fn_0.1-na_0	cell_0,cell_1	mut8	0.1918182309594212931485310636	0.2116504662827515411724196254	0.9062972282950908082942841535	999999
simNo_10-n_5-m_15-fp_0.001-fn_0.1-na_0	cell_0,cell_1	mut8	0.007856628169643214387509927248	0.08727914776271871888782599135	0.09001724204506007439653783411	999999
simNo_10-n_5-m_20-fp_0.001-fn_0.1-na_0	cell_0,cell_1	mut8	0.0004709501804416636035446830148	0.0005195943591593467253409217431	0.9063804718812100179814554126	999999
simNo_3-n_5-m_10-fp_0.001-fn_0.1-na_0	cell_0,cell_1	mut8	0.3904198452948676814444921330	0.4209297639721062043470244356	0.9275177920674188133698233640	999999
simNo_3-n_5-m_12-fp_0.001-fn_0.1-na_0	cell_0,cell_1	mut8	0.02370380541777263649978990391	0.2609272093864804923342537442	0.09084451358487111309132622332	999999
simNo_3-n_5-m_15-fp_0.001-fn_0.1-na_0	cell_0,cell_1	mut8	0.09432819091808251812284772002	0.09463390163540505812016799479	0.9967695433450440609150909587	999999
simNo_3-n_5-m_20-fp_0.001-fn_0.1-na_0	cell_0,cell_1	mut8	0.00004367945063976168681159183783	0.00004382016109209740898970171180	0.9967889106559880241085392167	999999
simNo_10-n_5-m_10-fp_0.001-fn_0.1-na_0	cell_0,cell_1	mut9	0.0001732733199317089222812305040	0.002103504506207463976538275624	0.08237363857333204099201504135	999999
simNo_10-n_5-m_12-fp_0.001-fn_0.1-na_0	cell_0,cell_1	mut9	0.1918182309199604944888391579	0.2116504662827515411724196254	0.9062972281086475683962213149	999999
simNo_10-n_5-m_15-fp_0.001-fn_0.1-na_0	cell_0,cell_1	mut9	0.07908962953030884268644419882	0.08727914776271871888782599135	0.9061686732474256781048362922	999999
simNo_10-n_5-m_20-fp_0.001-fn_0.1-na_0	cell_0,cell_1	mut9	0.0004709502145724701106100764660	0.0005195943591593467253409217431	0.9063805375686177147965783393	999999
simNo_5-n_5-m_10-fp_0.001-fn_0.1-na_0	cell_0,cell_1	mut9	0.07057406428620630341807505436	0.07151200547571636455361797805	0.9868841436725115783647435890	999999
simNo_5-n_5-m_12-fp_0.001-fn_0.1-na_0	cell_0,cell_1	mut9	0.00007184138857132975059758224684	0.00007293155582275558560853251379	0.9850521870933995792436695303	999999
simNo_5-n_5-m_15-fp_0.001-fn_0.1-na_0	cell_0,cell_1	mut9	0.00003635960754194056878371830632	0.00003685513701581938234219168654	0.9865546701490726585863816636	999999
simNo_5-n_5-m_20-fp_0.001-fn_0.1-na_0	cell_0,cell_1	mut9	1.036836664087008662328940277E-7	1.052380363675452173640707352E-7	0.9852299604544530483642555566	999999
simNo_7-n_5-m_10-fp_0.001-fn_0.1-na_0	cell_0,cell_1	mut9	0.1051999861402154701897357608	0.1181061103546282665290352919	0.8907243310641544684624709120	999999
simNo_7-n_5-m_12-fp_0.001-fn_0.1-na_0	cell_0,cell_1	mut9	0.00008647723692516065965453562306	0.00009681986838969623300660948228	0.8931765593513628738422278480	999999
simNo_7-n_5-m_15-fp_0.001-fn_0.1-na_0	cell_0,cell_1	mut9	0.00004078772736139452349827790612	0.0004493602878721808142053750747	0.09076842894714467999931316420	999999
simNo_7-n_5-m_20-fp_0.001-fn_0.1-na_0	cell_0,cell_1	mut9	0.0001122208981164037092130046872	0.0001137069820893267864976528993	0.9869305829280067581407666603	999999
simNo_9-n_5-m_15-fp_0.001-fn_0.1-na_0	cell_1,cell_2,cell_3,cell_4	mut14	0.0005036631097324691434391162200	0.0005546346384769608351122987188	0.9080989083471947342554386329	999999
simNo_9-n_5-m_10-fp_0.001-fn_0.1-na_0	cell_1,cell_2,cell_3,cell_4	mut2	0.00001893568169462803494968125287	0.00002557712573291117819434692516	0.7403365762190661621506150021	999999
simNo_9-n_5-m_12-fp_0.001-fn_0.1-na_0	cell_1,cell_2,cell_3,cell_4	mut2	0.001050069646327358326251176215	0.001156751607140365603993160997	0.9077745298519719333996104980	999999
simNo_9-n_5-m_15-fp_0.001-fn_0.1-na_0	cell_1,cell_2,cell_3,cell_4	mut2	0.0005036634905423371156386767179	0.0005546346384769608384577565916	0.9080995949430932790596280966	999999
simNo_9-n_5-m_8-fp_0.001-fn_0.1-na_0	cell_1,cell_2,cell_3,cell_4	mut2	0.01850908026870154993680957666	0.02038689292337162557326283172	0.9078911798022275979683039611	999999
simNo_9-n_5-m_10-fp_0.001-fn_0.1-na_0	cell_1,cell_2,cell_3,cell_4	mut3	0.00001562034887330605599229142365	0.00002557712573291117819434692516	0.6107155681377711297422062034	999999
simNo_9-n_5-m_12-fp_0.001-fn_0.1-na_0	cell_1,cell_2,cell_3,cell_4	mut3	0.001050069645422370112354358791	0.001156751607140365603993160997	0.9077745290696188263794600971	999999
simNo_9-n_5-m_15-fp_0.001-fn_0.1-na_0	cell_1,cell_2,cell_3,cell_4	mut3	0.0005036634846981095524492513066	0.0005546346384769608384577565916	0.9080995844060168728008963553	999999
simNo_9-n_5-m_8-fp_0.001-fn_0.1-na_0	cell_1,cell_2,cell_3,cell_4	mut3	0.01816160926944517358979997647	0.02038689292337162557326283172	0.8908473369487619757739150309	999999
simNo_9-n_5-m_10-fp_0.001-fn_0.1-na_0	cell_1,cell_2,cell_3,cell_4	mut4	0.000001996858791076884088684258116	0.00002557712573291117819434692516	0.07807205594283961092432062614	999999
simNo_9-n_5-m_12-fp_0.001-fn_0.1-na_0	cell_1,cell_2,cell_3,cell_4	mut4	0.001049933143748376971097987377	0.001156751607140365603993160997	0.9076565247606984433449059823	999999
simNo_9-n_5-m_15-fp_0.001-fn_0.1-na_0	cell_1,cell_2,cell_3,cell_4	mut4	0.0004990481377820648942460431905	0.0005546346384769608384577565916	0.8997781659516655463335024121	999999
simNo_9-n_5-m_8-fp_0.001-fn_0.1-na_0	cell_1,cell_2,cell_3,cell_4	mut4	0.01850908026870156065824008410	0.02038689292337162557326283172	0.9078911798022281238665145289	999999
simNo_1-n_5-m_12-fp_0.001-fn_0.1-na_0	cell_1,cell_2,cell_3	mut10	0.02040168816510843907421468795	0.02335604672733866328266505924	0.8735077645322529871835693364	999999
simNo_1-n_5-m_15-fp_0.001-fn_0.1-na_0	cell_1,cell_2,cell_3	mut10	0.007284920059447791309447113729	0.008287327420299762106429195513	0.8790433501641820522109070489	999999
simNo_1-n_5-m_15-fp_0.001-fn_0.1-na_0	cell_1,cell_2,cell_3	mut13	0.007429773880155095513168882194	0.008287327420299762082941208892	0.8965223048815358763337408324	999999
simNo_1-n_5-m_10-fp_0.001-fn_0.1-na_0	cell_1,cell_2,cell_3	mut2	0.1366093863538095920611205104	0.1525417998038594165103282491	0.8955537861062609344742701378	999999
simNo_1-n_5-m_12-fp_0.001-fn_0.1-na_0	cell_1,cell_2,cell_3	mut2	0.02040168931304245461396615040	0.02335604672733866328266505924	0.8735078136815815932132240520	999999
simNo_1-n_5-m_15-fp_0.001-fn_0.1-na_0	cell_1,cell_2,cell_3	mut2	0.007429774712751112379938535124	0.008287327420299762106429195513	0.8965224053477024243420732120	999999
simNo_1-n_5-m_8-fp_0.001-fn_0.1-na_0	cell_1,cell_2,cell_3	mut2	0.1622912164144443328568410806	0.1804519422198007740598393003	0.8993597653649211504266103172	999999
simNo_1-n_5-m_10-fp_0.001-fn_0.1-na_0	cell_1,cell_2,cell_3	mut3	0.1366093863601483141106543306	0.1525417998038594165103282491	0.8955537861478149351330026697	999999
simNo_1-n_5-m_12-fp_0.001-fn_0.1-na_0	cell_1,cell_2,cell_3	mut3	0.02040168893941519811912574755	0.02335604672733866328266505924	0.8735077976845568887925426645	999999
simNo_1-n_5-m_15-fp_0.001-fn_0.1-na_0	cell_1,cell_2,cell_3	mut3	0.007429774746133500130324617636	0.008287327420299762106429195513	0.8965224093758270605928517997	999999
simNo_1-n_5-m_8-fp_0.001-fn_0.1-na_0	cell_1,cell_2,cell_3	mut3	0.1622912164144451012436584617	0.1804519422198007740598393003	0.8993597653649254085510058150	999999
simNo_1-n_5-m_10-fp_0.001-fn_0.1-na_0	cell_1,cell_2,cell_3	mut4	0.1366093863606277721037547314	0.1525417998038594165103282491	0.8955537861509580604515507348	999999
simNo_1-n_5-m_12-fp_0.001-fn_0.1-na_0	cell_1,cell_2,cell_3	mut4	0.02040168825647357368613658825	0.02335604672733866328266505924	0.8735077684440937057148182092	999999
simNo_1-n_5-m_15-fp_0.001-fn_0.1-na_0	cell_1,cell_2,cell_3	mut4	0.007429774679368725185614247397	0.008287327420299762106429195513	0.8965224013195778551891377025	999999
simNo_1-n_5-m_8-fp_0.001-fn_0.1-na_0	cell_1,cell_2,cell_3	mut4	0.1622912164144442519334135203	0.1804519422198007740598393003	0.8993597653649207019779731630	999999
simNo_1-n_5-m_10-fp_0.001-fn_0.1-na_0	cell_1,cell_2,cell_3	mut5	0.1366093863504533937684668637	0.1525417998038594165103282491	0.8955537860842591074539445753	999999
simNo_1-n_5-m_12-fp_0.001-fn_0.1-na_0	cell_1,cell_2,cell_3	mut5	0.002270000120542968096864026363	0.02335604672733866328266505924	0.09719111059518017876861562352	999999
simNo_1-n_5-m_15-fp_0.001-fn_0.1-na_0	cell_1,cell_2,cell_3	mut5	0.007429774606712941113438902475	0.008287327420299762106429195513	0.8965223925524831831232786036	999999
simNo_1-n_5-m_8-fp_0.001-fn_0.1-na_0	cell_1,cell_2,cell_3	mut5	0.1622912164144429880111286485	0.1804519422198007740598393003	0.8993597653649136977735887498	999999
simNo_1-n_5-m_10-fp_0.001-fn_0.1-na_0	cell_1,cell_2,cell_3	mut8	0.01371083545166612857978224419	0.1525417998038594165103282491	0.08988248119070137422021936183	999999
simNo_1-n_5-m_12-fp_0.001-fn_0.1-na_0	cell_1,cell_2,cell_3	mut8	0.02040168800177411842634220649	0.02335604672733866328266505924	0.8735077575390181065268703669	999999
simNo_1-n_5-m_15-fp_0.001-fn_0.1-na_0	cell_1,cell_2,cell_3	mut8	0.007429774082413090369798388247	0.008287327420299762106429195513	0.8965223292872320167012827807	999999
simNo_1-n_5-m_10-fp_0.001-fn_0.1-na_0	cell_1,cell_2,cell_3	mut9	0.1366093863382765754900056234	0.1525417998038594165103282491	0.8955537860044329988455606450	999999
simNo_1-n_5-m_12-fp_0.001-fn_0.1-na_0	cell_1,cell_2,cell_3	mut9	0.01982108106596286854277944512	0.02335604672733866328266505924	0.8486488016296843896012713919	999999
simNo_1-n_5-m_15-fp_0.001-fn_0.1-na_0	cell_1,cell_2,cell_3	mut9	0.0007444655223046114939083762924	0.008287327420299762106429195513	0.08983179794260902086245531018	999999
simNo_4-n_5-m_10-fp_0.001-fn_0.1-na_0	cell_1,cell_2	mut0	0.1101352976003399957646911029	0.1215236220076161626392995853	0.9062871545536847593112571974	999999
simNo_4-n_5-m_12-fp_0.001-fn_0.1-na_0	cell_1,cell_2	mut0	0.01663806540168018747457582628	0.2044346447458847574787618020	0.08138574272654004034052861410	999999
simNo_4-n_5-m_15-fp_0.001-fn_0.1-na_0	cell_1,cell_2	mut0	0.1534303281543014402971213345	0.1621519552562924827259499305	0.9462132473937430969265553643	999999
simNo_4-n_5-m_8-fp_0.001-fn_0.1-na_0	cell_1,cell_2	mut0	0.01864262538872225635991685109	0.2089226616291113851406109561	0.08923218402136508050275107780	999999
simNo_4-n_5-m_15-fp_0.001-fn_0.1-na_0	cell_1,cell_2	mut12	0.1534303274918050951396249786	0.1621519552562924827259499305	0.9462132433080918069968431801	999999
simNo_6-n_5-m_15-fp_0.001-fn_0.1-na_0	cell_1,cell_2	mut13	0.09418943705639337034482353009	0.1039217300052874892074269524	0.9063497793156547304258522798	999999
simNo_4-n_5-m_15-fp_0.001-fn_0.1-na_0	cell_1,cell_2	mut14	0.1534303236200804177255918190	0.1621519552562924827259499305	0.9462132194309534074351352822	999999
simNo_6-n_5-m_15-fp_0.001-fn_0.1-na_0	cell_1,cell_2	mut14	0.09418943717080643257532617981	0.1039217300052874892074269524	0.9063497804166089026156471034	999999
simNo_4-n_5-m_10-fp_0.001-fn_0.1-na_0	cell_1,cell_2	mut1	0.1101352976003402348523330945	0.1215236220076161626392995853	0.9062871545536867267282749079	999999
simNo_4-n_5-m_12-fp_0.001-fn_0.1-na_0	cell_1,cell_2	mut1	0.001216945931582525088281911965	0.2044346447458847574787618020	0.005952738260656390285775995676	999999
simNo_4-n_5-m_15-fp_0.001-fn_0.1-na_0	cell_1,cell_2	mut1	0.1534303265279203372396729381	0.1621519552562924827259499305	0.9462132373637616484337539715	999999
simNo_4-n_5-m_8-fp_0.001-fn_0.1-na_0	cell_1,cell_2	mut1	0.1876687295553571793511380995	0.2089226616291113851406109561	0.8982689005203029991853138905	999999
simNo_6-n_5-m_10-fp_0.001-fn_0.1-na_0	cell_1,cell_2	mut1	0.1817496856918958730577582202	0.2005455624125467604349200456	0.9062762770986402126500025979	999999
simNo_6-n_5-m_12-fp_0.001-fn_0.1-na_0	cell_1,cell_2	mut1	0.001000204408665747196003517921	0.01111666879383735710007209179	0.08997339285849921936015333091	999999
simNo_6-n_5-m_15-fp_0.001-fn_0.1-na_0	cell_1,cell_2	mut1	0.09418943700961336376229944418	0.1039217300052874891800294434	0.9063497788655081965362392533	999999
simNo_6-n_5-m_8-fp_0.001-fn_0.1-na_0	cell_1,cell_2	mut1	0.2500193400821368787789303658	0.2758767071982433927998668013	0.9062720177476760993129077614	999999
simNo_6-n_5-m_10-fp_0.001-fn_0.1-na_0	cell_1,cell_2	mut4	0.1817496856916377863013657822	0.2005455624125467604349200456	0.9062762770973532893529339649	999999
simNo_6-n_5-m_12-fp_0.001-fn_0.1-na_0	cell_1,cell_2	mut4	0.01006866477921744720502211890	0.01111666879383735710007209179	0.9057267933357084450736622107	999999
simNo_6-n_5-m_15-fp_0.001-fn_0.1-na_0	cell_1,cell_2	mut4	0.09418943720269935125921327531	0.1039217300052874891800294434	0.9063497807235025494698336622	999999
simNo_6-n_5-m_8-fp_0.001-fn_0.1-na_0	cell_1,cell_2	mut4	0.02483824515888325656677599896	0.2758767071982433927998668013	0.09003386118072896404202790323	999999
simNo_6-n_5-m_10-fp_0.001-fn_0.1-na_0	cell_1,cell_2	mut5	0.1817496856918926212547716618	0.2005455624125467435196058617	0.9062762770986240743071758639	999999
simNo_6-n_5-m_12-fp_0.001-fn_0.1-na_0	cell_1,cell_2	mut5	0.01006866477923192559453441436	0.01111666879383735710007209179	0.9057267933370108486786271898	999999
simNo_6-n_5-m_15-fp_0.001-fn_0.1-na_0	cell_1,cell_2	mut5	0.09418943705561276990711143493	0.1039217300052874891800294434	0.9063497793081433041549400044	999999
simNo_6-n_5-m_8-fp_0.001-fn_0.1-na_0	cell_1,cell_2	mut5	0.2500193400819257323230424405	0.2758767071982433927998668013	0.9062720177469107340233467377	999999
simNo_6-n_5-m_10-fp_0.001-fn_0.1-na_0	cell_1,cell_2	mut6	0.1817496856914543356630477388	0.2005455624125467435196058617	0.9062762770964386078902111447	999999
simNo_6-n_5-m_12-fp_0.001-fn_0.1-na_0	cell_1,cell_2	mut6	0.01006866477924864467435901981	0.01111666879383735710007209179	0.9057267933385148135924576575	999999
simNo_6-n_5-m_15-fp_0.001-fn_0.1-na_0	cell_1,cell_2	mut6	0.09418943719076738248403580392	0.1039217300052874891800294434	0.9063497806086856697414998635	999999
simNo_6-n_5-m_8-fp_0.001-fn_0.1-na_0	cell_1,cell_2	mut6	0.2500193400820191222494918137	0.2758767071982433927998668013	0.9062720177472492545436103921	999999
simNo_6-n_5-m_10-fp_0.001-fn_0.1-na_0	cell_1,cell_2	mut7	0.01805589654934424613606442233	0.2005455624125467435196058617	0.09003388722309925340438785387	999999
simNo_6-n_5-m_12-fp_0.001-fn_0.1-na_0	cell_1,cell_2	mut7	0.01006866477922882280451553642	0.01111666879383735710007209179	0.9057267933367317371861090351	999999
simNo_6-n_5-m_15-fp_0.001-fn_0.1-na_0	cell_1,cell_2	mut7	0.009356610381494449085524805086	0.1039217300052874891800294434	0.09003516763066193288791038157	999999
simNo_6-n_5-m_8-fp_0.001-fn_0.1-na_0	cell_1,cell_2	mut7	0.2500193400818806731224251461	0.2758767071982433927998668013	0.9062720177467474030880354245	999999
simNo_8-n_5-m_10-fp_0.001-fn_0.1-na_0	cell_2,cell_3,cell_4	mut0	0.01520275963075441707395945817	0.01537210668581159188143242122	0.9889834842732726003880528947	999999
simNo_8-n_5-m_12-fp_0.001-fn_0.1-na_0	cell_2,cell_3,cell_4	mut0	0.01094585890078006793948898501	0.01106790247099479133089999007	0.9889731978995516009210072854	999999
simNo_8-n_5-m_15-fp_0.001-fn_0.1-na_0	cell_2,cell_3,cell_4	mut0	0.07332731710127315253129121074	0.07414496387493668491267491767	0.9889723221789858805866477696	999999
simNo_8-n_5-m_8-fp_0.001-fn_0.1-na_0	cell_2,cell_3,cell_4	mut0	0.2013391330567981262645737989	0.2035886903678953993064684739	0.9889504799749327653705726719	999999
simNo_9-n_5-m_10-fp_0.001-fn_0.1-na_0	cell_2,cell_3,cell_4	mut0	0.00002285343834461466638849689150	0.00002557712573291117819434692516	0.8935108105289631072424542957	999999
simNo_9-n_5-m_12-fp_0.001-fn_0.1-na_0	cell_2,cell_3,cell_4	mut0	0.001040899276011002960654179363	0.001156751607140365603993160997	0.8998468379778057362492071969	999999
simNo_9-n_5-m_15-fp_0.001-fn_0.1-na_0	cell_2,cell_3,cell_4	mut0	0.0004991381362059884261445560479	0.0005546346384769608351122987188	0.8999404320953212556137697709	999999
simNo_9-n_5-m_8-fp_0.001-fn_0.1-na_0	cell_2,cell_3,cell_4	mut0	0.01817555582689067783739819368	0.02038689292337162557326283172	0.8915314312586661520758534775	999999
simNo_3-n_5-m_12-fp_0.001-fn_0.1-na_0	cell_2,cell_3,cell_4	mut10	0.2574897721100093815013005537	0.2609272093864804923342537442	0.9868260681415572756066066840	999999
simNo_3-n_5-m_15-fp_0.001-fn_0.1-na_0	cell_2,cell_3,cell_4	mut10	0.09358494423752152351815923918	0.09463390163540505812016799479	0.9889156277004741844383761100	999999
simNo_3-n_5-m_20-fp_0.001-fn_0.1-na_0	cell_2,cell_3,cell_4	mut10	0.000004004028208223672996665113139	0.00004382016109209740898970171180	0.09137410973474867518980771896	999999
simNo_8-n_5-m_12-fp_0.001-fn_0.1-na_0	cell_2,cell_3,cell_4	mut10	0.01094585890042241687728200404	0.01106790247099479133089999007	0.9889731978672373423571770761	999999
simNo_8-n_5-m_15-fp_0.001-fn_0.1-na_0	cell_2,cell_3,cell_4	mut10	0.07332731708979082431296218755	0.07414496387493668585643858092	0.9889723220241226430638286265	999999
simNo_8-n_5-m_12-fp_0.001-fn_0.1-na_0	cell_2,cell_3,cell_4	mut11	0.01094585890049239583543767861	0.01106790247099479133089999007	0.9889731978735600361412129965	999999
simNo_8-n_5-m_15-fp_0.001-fn_0.1-na_0	cell_2,cell_3,cell_4	mut11	0.07332731701773185325168979065	0.07414496387493668585643858092	0.9889723210522566214845723137	999999
simNo_9-n_5-m_15-fp_0.001-fn_0.1-na_0	cell_2,cell_3,cell_4	mut12	0.0004487534930772975400458195535	0.0005546346384769608384577565916	0.8090974885910203889815142069	999999
simNo_3-n_5-m_15-fp_0.001-fn_0.1-na_0	cell_2,cell_3,cell_4	mut13	0.09358494419752829013477001590	0.09463390163540505812016799479	0.9889156272778641821849480257	999999
simNo_3-n_5-m_20-fp_0.001-fn_0.1-na_0	cell_2,cell_3,cell_4	mut13	0.00004237778898317082338604189222	0.00004382016109209740898970171180	0.9670842810026386445962684512	999999
simNo_9-n_5-m_15-fp_0.001-fn_0.1-na_0	cell_2,cell_3,cell_4	mut13	0.0004991374123399624165620401411	0.0005546346384769608384577565916	0.8999391269730375115880135470	999999
simNo_2-n_5-m_15-fp_0.001-fn_0.1-na_0	cell_2,cell_3,cell_4	mut14	0.01577371930374016453112450702	0.1738696225641991883946191402	0.09072153646572687255999533360	999999
simNo_8-n_5-m_15-fp_0.001-fn_0.1-na_0	cell_2,cell_3,cell_4	mut14	0.07332731704551761533672181762	0.07414496387493668585643858092	0.9889723214270057700835169091	999999
simNo_9-n_5-m_10-fp_0.001-fn_0.1-na_0	cell_2,cell_3,cell_4	mut1	2.260415665662049554879707842E-7	0.00002557712573291117819434692516	0.008837645360414662786480361316	999999
simNo_9-n_5-m_12-fp_0.001-fn_0.1-na_0	cell_2,cell_3,cell_4	mut1	0.0009421218365777956962916358404	0.001156751607140365603993160997	0.8144547461722041626868280405	999999
simNo_9-n_5-m_15-fp_0.001-fn_0.1-na_0	cell_2,cell_3,cell_4	mut1	0.0004991385154963572987802355744	0.0005546346384769608384577565916	0.8999411159515800553974070510	999999
simNo_9-n_5-m_8-fp_0.001-fn_0.1-na_0	cell_2,cell_3,cell_4	mut1	0.01817555582689069296490003379	0.02038689292337162557326283172	0.8915314312586668940968125795	999999
simNo_3-n_5-m_20-fp_0.001-fn_0.1-na_0	cell_2,cell_3,cell_4	mut15	0.00004237778639953380980237061349	0.00004382016109209740898970171180	0.9670842220426314425778326583	999999
simNo_3-n_5-m_20-fp_0.001-fn_0.1-na_0	cell_2,cell_3,cell_4	mut16	0.00004333788935693982648841057068	0.00004382016109209740898970171180	0.9889942957045733891398637348	999999
simNo_3-n_5-m_20-fp_0.001-fn_0.1-na_0	cell_2,cell_3,cell_4	mut18	0.00004333788904190899366265843219	0.00004382016109209740898970171180	0.9889942885153977910938480403	999999
simNo_3-n_5-m_20-fp_0.001-fn_0.1-na_0	cell_2,cell_3,cell_4	mut19	0.00004237779759465389889257128961	0.00004382016109209740898970171180	0.9670844775213839182081600137	999999
simNo_8-n_5-m_10-fp_0.001-fn_0.1-na_0	cell_2,cell_3,cell_4	mut2	0.01475841393970696137403113048	0.01537210668581159188143242122	0.9600775119085618198609518044	999999
simNo_8-n_5-m_12-fp_0.001-fn_0.1-na_0	cell_2,cell_3,cell_4	mut2	0.009943025893963998336502993941	0.01106790247099479133089999007	0.8983658755596453816167282734	999999
simNo_8-n_5-m_15-fp_0.001-fn_0.1-na_0	cell_2,cell_3,cell_4	mut2	0.07332731710053710585529927359	0.07414496387493668491267491767	0.9889723221690587508461375860	999999
simNo_8-n_5-m_8-fp_0.001-fn_0.1-na_0	cell_2,cell_3,cell_4	mut2	0.01847130639109502054365587564	0.2035886903678953993064684739	0.09072854861297258174405459984	999999
simNo_2-n_5-m_10-fp_0.001-fn_0.1-na_0	cell_2,cell_3,cell_4	mut3	0.1453422233659800125515770925	0.1469672855267443738028202036	0.9889426945939704347181923573	999999
simNo_2-n_5-m_12-fp_0.001-fn_0.1-na_0	cell_2,cell_3,cell_4	mut3	0.1973280762659394605852268566	0.1995254041492815412478146779	0.9889872275026288030432019378	999999
simNo_2-n_5-m_15-fp_0.001-fn_0.1-na_0	cell_2,cell_3,cell_4	mut3	0.1719482437046316325041578238	0.1738696225641991883946191402	0.9889493125295184285359921757	999999
simNo_2-n_5-m_8-fp_0.001-fn_0.1-na_0	cell_2,cell_3,cell_4	mut3	0.04293832364709899869365508607	0.08061926696389475094631441080	0.5326062275700035723174462640	999999
simNo_8-n_5-m_10-fp_0.001-fn_0.1-na_0	cell_2,cell_3,cell_4	mut5	0.01520275963071432401977376042	0.01537210668581159188143242122	0.9889834842706644312538441452	999999
simNo_8-n_5-m_12-fp_0.001-fn_0.1-na_0	cell_2,cell_3,cell_4	mut5	0.00009969091131037581258285382564	0.01106790247099479133089999007	0.009007209050823477224180012352	999999
simNo_8-n_5-m_15-fp_0.001-fn_0.1-na_0	cell_2,cell_3,cell_4	mut5	0.07332731705030191918529686789	0.07414496387493668491267491767	0.9889723214915321321166965589	999999
simNo_8-n_5-m_8-fp_0.001-fn_0.1-na_0	cell_2,cell_3,cell_4	mut5	0.2013391330567980206981588948	0.2035886903678954270781925691	0.9889504799749321119390164426	999999
simNo_9-n_5-m_10-fp_0.001-fn_0.1-na_0	cell_2,cell_3,cell_4	mut5	2.466813321640008573453482288E-7	0.00002557712573291117819434692516	0.009644607245550873985521130877	999999
simNo_9-n_5-m_12-fp_0.001-fn_0.1-na_0	cell_2,cell_3,cell_4	mut5	0.001040899268255029604869363547	0.001156751607140365603993160997	0.8998468312728456498236086166	999999
simNo_9-n_5-m_15-fp_0.001-fn_0.1-na_0	cell_2,cell_3,cell_4	mut5	0.0004991380580102236402671023283	0.0005546346384769608384577565916	0.8999402911092389517470457156	999999
simNo_9-n_5-m_8-fp_0.001-fn_0.1-na_0	cell_2,cell_3,cell_4	mut5	0.01817555582689068108276920816	0.02038689292337162557326283172	0.8915314312586663112649475037	999999
simNo_2-n_5-m_10-fp_0.001-fn_0.1-na_0	cell_2,cell_3,cell_4	mut6	0.1453422233659764099988412675	0.1469672855267443738028202036	0.9889426945939459221015041391	999999
simNo_2-n_5-m_12-fp_0.001-fn_0.1-na_0	cell_2,cell_3,cell_4	mut6	0.1973280762662168659379994067	0.1995254041492815314231268151	0.9889872275040191777197809831	999999
simNo_2-n_5-m_15-fp_0.001-fn_0.1-na_0	cell_2,cell_3,cell_4	mut6	0.1719482461511184740126857178	0.1738696225641991863701605366	0.9889493266003308420573945688	999999
simNo_2-n_5-m_8-fp_0.001-fn_0.1-na_0	cell_2,cell_3,cell_4	mut6	0.07971301503492595047823641208	0.08061926696389475374002822618	0.9887588666692458621716336247	999999
simNo_9-n_5-m_10-fp_0.001-fn_0.1-na_0	cell_2,cell_3,cell_4	mut7	0.00002285343831234256241582576247	0.00002557712573291117819434692516	0.8935108092672066335216703812	999999
simNo_9-n_5-m_12-fp_0.001-fn_0.1-na_0	cell_2,cell_3,cell_4	mut7	0.001040899265958902448958903306	0.001156751607140365603993160997	0.8998468292878670755670547421	999999
simNo_9-n_5-m_15-fp_0.001-fn_0.1-na_0	cell_2,cell_3,cell_4	mut7	0.0004991378449296866814845900911	0.0005546346384769608384577565916	0.8999399069274331707261423084	999999
simNo_9-n_5-m_8-fp_0.001-fn_0.1-na_0	cell_2,cell_3,cell_4	mut7	0.001968642829254434499341290381	0.02038689292337162557326283172	0.09656414229740587501507147964	999999
simNo_2-n_5-m_10-fp_0.001-fn_0.1-na_0	cell_2,cell_3,cell_4	mut8	0.01333320866364668495255714404	0.1469672855267443738028202036	0.09072228976577494263383866608	999999
simNo_2-n_5-m_12-fp_0.001-fn_0.1-na_0	cell_2,cell_3,cell_4	mut8	0.1973280762507389339880225830	0.1995254041492815314231268151	0.9889872274264454370927654032	999999
simNo_2-n_5-m_15-fp_0.001-fn_0.1-na_0	cell_2,cell_3,cell_4	mut8	0.001566881594852147287883842025	0.1738696225641991863701605366	0.009011819153593640720696345345	999999
simNo_8-n_5-m_10-fp_0.001-fn_0.1-na_0	cell_2,cell_3,cell_4	mut8	0.01520275963072166497181763432	0.01537210668581159147179255696	0.9889834842711420077709073661	999999
simNo_8-n_5-m_12-fp_0.001-fn_0.1-na_0	cell_2,cell_3,cell_4	mut8	0.01094585890036915704025859245	0.01106790247099479133089999007	0.9889731978624252438441130596	999999
simNo_8-n_5-m_15-fp_0.001-fn_0.1-na_0	cell_2,cell_3,cell_4	mut8	0.07332731709347105764636987237	0.07414496387493668491267491767	0.9889723220737583037267891827	999999
simNo_9-n_5-m_10-fp_0.001-fn_0.1-na_0	cell_2,cell_3,cell_4	mut8	0.00002285343826751050731558460470	0.00002557712573291117819434692516	0.8935108075143882923054077188	999999
simNo_9-n_5-m_12-fp_0.001-fn_0.1-na_0	cell_2,cell_3,cell_4	mut8	0.001040899268954338624574935402	0.001156751607140365603993160997	0.8998468318773911852599941878	999999
simNo_9-n_5-m_15-fp_0.001-fn_0.1-na_0	cell_2,cell_3,cell_4	mut8	0.0004991377095773763074666658907	0.0005546346384769608384577565916	0.8999396628887435827508846247	999999
simNo_9-n_5-m_10-fp_0.001-fn_0.1-na_0	cell_2,cell_3,cell_4	mut9	0.000003099652671327230758703937419	0.00002557712573291117819434692516	0.1211884675274038125718608263	999999
simNo_9-n_5-m_12-fp_0.001-fn_0.1-na_0	cell_2,cell_3,cell_4	mut9	0.001040899262843798373921937637	0.001156751607140365603993160997	0.8998468265948912838688768848	999999
simNo_9-n_5-m_15-fp_0.001-fn_0.1-na_0	cell_2,cell_3,cell_4	mut9	0.0004991376973044984148251075167	0.0005546346384769608384577565916	0.8999396407608831116790517644	999999
simNo_3-n_5-m_10-fp_0.001-fn_0.1-na_0	cell_2,cell_3	mut0	0.03795393057715173310228962375	0.4209297639721062043470244356	0.09016689677393977322916238691	999999
simNo_3-n_5-m_12-fp_0.001-fn_0.1-na_0	cell_2,cell_3	mut0	0.2365237591502535292502763288	0.2609272093864804948912014210	0.9064741071136010492755926761	999999
simNo_3-n_5-m_15-fp_0.001-fn_0.1-na_0	cell_2,cell_3	mut0	0.08577079255451814567308107869	0.09463390163540505812016799479	0.9063431927911657850899727473	999999
simNo_3-n_5-m_20-fp_0.001-fn_0.1-na_0	cell_2,cell_3	mut0	0.00003968719994743632676594524886	0.00004382016109209740898970171180	0.9056835702640439084667979529	999999
simNo_3-n_5-m_8-fp_0.001-fn_0.1-na_0	cell_2,cell_3	mut0	0.5136155876680003992324284341	0.5649520288668460261630426099	0.9091313269521063144208436027	999999
simNo_9-n_5-m_12-fp_0.001-fn_0.1-na_0	cell_2,cell_3	mut10	0.0009580462107057122189476495380	0.001156751607140365603993160997	0.8282212056520259056587235977	999999
simNo_9-n_5-m_15-fp_0.001-fn_0.1-na_0	cell_2,cell_3	mut10	0.00004568988205489764718779509816	0.0005546346384769608384577565916	0.08237834221887599456476787016	999999
simNo_1-n_5-m_12-fp_0.001-fn_0.1-na_0	cell_2,cell_3	mut11	0.02071785941571656200679286490	0.02335604672733866328266505924	0.8870447836305252528234348918	999999
simNo_1-n_5-m_15-fp_0.001-fn_0.1-na_0	cell_2,cell_3	mut11	0.007441831137126079668434222946	0.008287327420299762106429195513	0.8979772078145912242832941714	999999
simNo_9-n_5-m_12-fp_0.001-fn_0.1-na_0	cell_2,cell_3	mut11	0.0009580462086115246408676859846	0.001156751607140365603993160997	0.8282212038416220426746412063	999999
simNo_9-n_5-m_15-fp_0.001-fn_0.1-na_0	cell_2,cell_3	mut11	0.0004563617805848584166011731960	0.0005546346384769608384577565916	0.8228151451882596179585166199	999999
simNo_1-n_5-m_15-fp_0.001-fn_0.1-na_0	cell_2,cell_3	mut12	0.007441831331529394887222698260	0.008287327420299762082941208892	0.8979772312724933175070179620	999999
simNo_5-n_5-m_15-fp_0.001-fn_0.1-na_0	cell_2,cell_3	mut12	0.00003623210674816864337728883640	0.00003685513701581938234219168654	0.9830951580132963606652486475	999999
simNo_5-n_5-m_20-fp_0.001-fn_0.1-na_0	cell_2,cell_3	mut12	1.018300135157767642281791127E-7	1.052380363675452173640707352E-7	0.9676160543335691974827708048	999999
simNo_1-n_5-m_15-fp_0.001-fn_0.1-na_0	cell_2,cell_3	mut14	0.007441831410076189262215208554	0.008287327420299762082941208892	0.8979772407504335980602609246	999999
simNo_7-n_5-m_15-fp_0.001-fn_0.1-na_0	cell_2,cell_3	mut14	0.0004425710558040579343241249582	0.0004493602878721808142053750747	0.9848913394188182989254624428	999999
simNo_7-n_5-m_20-fp_0.001-fn_0.1-na_0	cell_2,cell_3	mut14	0.0001122209008447318296962644420	0.0001137069820893267864976528993	0.9869306069223830959097105456	999999
simNo_7-n_5-m_20-fp_0.001-fn_0.1-na_0	cell_2,cell_3	mut15	0.0001122208996018818130305489151	0.0001137069820893267864976528993	0.9869305959920954932596986065	999999
simNo_5-n_5-m_20-fp_0.001-fn_0.1-na_0	cell_2,cell_3	mut16	9.362409927298998293639767286E-9	1.052380363675452173640707352E-7	0.08896412599908895359563761980	999999
simNo_3-n_5-m_20-fp_0.001-fn_0.1-na_0	cell_2,cell_3	mut17	0.00003968716966605798104582464371	0.00004382016109209740898970171180	0.9056828792264577599962479160	999999
simNo_7-n_5-m_20-fp_0.001-fn_0.1-na_0	cell_2,cell_3	mut17	0.0001122208994632371917489151465	0.0001137069820893267864976528993	0.9869305947727805599628471970	999999
simNo_7-n_5-m_20-fp_0.001-fn_0.1-na_0	cell_2,cell_3	mut18	0.0001122208989829326032119048824	0.0001137069820893267864976528993	0.9869305905487251878864959689	999999
simNo_7-n_5-m_20-fp_0.001-fn_0.1-na_0	cell_2,cell_3	mut19	0.0001122208986709822008366103443	0.0001137069820893267864976528993	0.9869305878052665484668850082	999999
simNo_3-n_5-m_10-fp_0.001-fn_0.1-na_0	cell_2,cell_3	mut2	0.03795393056355213885037589533	0.4209297639721062043470244356	0.09016689674163130892960543250	999999
simNo_3-n_5-m_12-fp_0.001-fn_0.1-na_0	cell_2,cell_3	mut2	0.2365237591296067138572600612	0.2609272093864804948912014210	0.9064741070344724086038772499	999999
simNo_3-n_5-m_15-fp_0.001-fn_0.1-na_0	cell_2,cell_3	mut2	0.008520276136052013216160791933	0.09463390163540505812016799479	0.09003407857871043785946765435	999999
simNo_3-n_5-m_20-fp_0.001-fn_0.1-na_0	cell_2,cell_3	mut2	0.00003968720095207733780703079835	0.00004382016109209740898970171180	0.9056835931905002701770691968	999999
simNo_3-n_5-m_8-fp_0.001-fn_0.1-na_0	cell_2,cell_3	mut2	0.05088156680224253900570341838	0.5649520288668460261630426099	0.09006351725879871868987634582	999999
simNo_7-n_5-m_10-fp_0.001-fn_0.1-na_0	cell_2,cell_3	mut3	0.0009368448755719697791446984922	0.1181061103546282665290352919	0.007932230371138094997109206349	999999
simNo_7-n_5-m_12-fp_0.001-fn_0.1-na_0	cell_2,cell_3	mut3	6.468945214952864991702511577E-7	0.00009681986838969623300660948228	0.006681423268327127035335978682	999999
simNo_7-n_5-m_15-fp_0.001-fn_0.1-na_0	cell_2,cell_3	mut3	0.0004425710512830963345266933307	0.0004493602878721808142053750747	0.9848913293579345897637716982	999999
simNo_7-n_5-m_20-fp_0.001-fn_0.1-na_0	cell_2,cell_3	mut3	0.0001122208933034546382446001606	0.0001137069820893267864976528993	0.9869305406003591279590792790	999999
simNo_7-n_5-m_8-fp_0.001-fn_0.1-na_0	cell_2,cell_3	mut3	0.00001988322877323922988792961275	0.002260833007894678139525727522	0.008794647240113852096356746665	999999
simNo_3-n_5-m_10-fp_0.001-fn_0.1-na_0	cell_2,cell_3	mut4	0.3874978610311298724551376769	0.4209297639721062043470244356	0.9205760537684577533984450746	999999
simNo_3-n_5-m_12-fp_0.001-fn_0.1-na_0	cell_2,cell_3	mut4	0.2365237590812341821068259726	0.2609272093864804948912014210	0.9064741068490853350818299548	999999
simNo_3-n_5-m_15-fp_0.001-fn_0.1-na_0	cell_2,cell_3	mut4	0.08577079251437360445299684866	0.09463390163540505812016799479	0.9063431923669569072319230898	999999
simNo_3-n_5-m_20-fp_0.001-fn_0.1-na_0	cell_2,cell_3	mut4	0.000003942124234109312214929451159	0.00004382016109209740898970171180	0.08996142724861503489949423762	999999
simNo_3-n_5-m_8-fp_0.001-fn_0.1-na_0	cell_2,cell_3	mut4	0.5136155876552164524769274528	0.5649520288668460261630426099	0.9091313269294779387317741872	999999
simNo_5-n_5-m_10-fp_0.001-fn_0.1-na_0	cell_2,cell_3	mut4	0.07056890430724052179636974615	0.07151200547571636328470489645	0.9868119882500555186545866717	999999
simNo_5-n_5-m_12-fp_0.001-fn_0.1-na_0	cell_2,cell_3	mut4	0.00007049650939432070325627456721	0.00007293155582275558560853251379	0.9666118952082588580214707776	999999
simNo_5-n_5-m_15-fp_0.001-fn_0.1-na_0	cell_2,cell_3	mut4	0.000003332389234168334429465398722	0.00003685513701581938234219168654	0.09041858215689086456215509606	999999
simNo_5-n_5-m_20-fp_0.001-fn_0.1-na_0	cell_2,cell_3	mut4	9.362271698916853621549992145E-9	1.052380363675452173640707352E-7	0.08896281251598991602277151896	999999
simNo_5-n_5-m_8-fp_0.001-fn_0.1-na_0	cell_2,cell_3	mut4	0.01819011597846658163675981279	0.01867356083657501094964089071	0.9741107300134461243382857841	999999
simNo_3-n_5-m_10-fp_0.001-fn_0.1-na_0	cell_2,cell_3	mut5	0.3874978610382284663730498999	0.4209297639721062043470244356	0.9205760537853218350707086360	999999
simNo_3-n_5-m_12-fp_0.001-fn_0.1-na_0	cell_2,cell_3	mut5	0.2365237589876746502641957607	0.2609272093864804923342537442	0.9064741064905197039051873969	999999
simNo_3-n_5-m_15-fp_0.001-fn_0.1-na_0	cell_2,cell_3	mut5	0.008520276068068557536430222137	0.09463390163540505812016799479	0.09003407786032670322650656423	999999
simNo_3-n_5-m_20-fp_0.001-fn_0.1-na_0	cell_2,cell_3	mut5	0.000003942119297345645518069286349	0.00004382016109209740898970171180	0.08996131458897290530533261490	999999
simNo_3-n_5-m_8-fp_0.001-fn_0.1-na_0	cell_2,cell_3	mut5	0.5136155876569696379408481443	0.5649520288668460261630426099	0.9091313269325811853338567529	999999
simNo_1-n_5-m_10-fp_0.001-fn_0.1-na_0	cell_2,cell_3	mut6	0.1369486375502406300659600704	0.1525417998038594165103282491	0.8977777745269249910891972044	999999
simNo_1-n_5-m_12-fp_0.001-fn_0.1-na_0	cell_2,cell_3	mut6	0.002079858176594724342545241290	0.02335604672733866328266505924	0.08905009485874224527529755727	999999
simNo_1-n_5-m_15-fp_0.001-fn_0.1-na_0	cell_2,cell_3	mut6	0.007441831196036175525263294280	0.008287327420299762106429195513	0.8979772149230464438187407176	999999
simNo_1-n_5-m_8-fp_0.001-fn_0.1-na_0	cell_2,cell_3	mut6	0.1620508874147335809385693469	0.1804519422198007740598393003	0.8980279481688611741495384630	999999
simNo_9-n_5-m_10-fp_0.001-fn_0.1-na_0	cell_2,cell_3	mut6	0.000002207901325029516816621978522	0.00002557712573291117819434692516	0.08632327760693282455034166433	999999
simNo_9-n_5-m_12-fp_0.001-fn_0.1-na_0	cell_2,cell_3	mut6	0.00009594931111270158900602377232	0.001156751607140365603993160997	0.08294720363510042192510148998	999999
simNo_9-n_5-m_15-fp_0.001-fn_0.1-na_0	cell_2,cell_3	mut6	0.0004563620014966602652343018533	0.0005546346384769608384577565916	0.8228155434897477025503717386	999999
simNo_9-n_5-m_8-fp_0.001-fn_0.1-na_0	cell_2,cell_3	mut6	0.001816070171528817114429592488	0.02038689292337162557326283172	0.08908028203978381210974603284	999999
simNo_1-n_5-m_10-fp_0.001-fn_0.1-na_0	cell_2,cell_3	mut7	0.1369486375375631979320440577	0.1525417998038594165103282491	0.8977777744438170682102430477	999999
simNo_1-n_5-m_12-fp_0.001-fn_0.1-na_0	cell_2,cell_3	mut7	0.02071786018134618615248001227	0.02335604672733866328266505924	0.8870448164113135892975271832	999999
simNo_1-n_5-m_15-fp_0.001-fn_0.1-na_0	cell_2,cell_3	mut7	0.007441831168544797415376169230	0.008287327420299762106429195513	0.8979772116057673361359492397	999999
simNo_1-n_5-m_8-fp_0.001-fn_0.1-na_0	cell_2,cell_3	mut7	0.1620508874147332473170615257	0.1804519422198007740598393003	0.8980279481688593253386932196	999999
simNo_3-n_5-m_10-fp_0.001-fn_0.1-na_0	cell_2,cell_3	mut7	0.3874978610407817894675610550	0.4209297639721062043470244356	0.9205760537913877475175185423	999999
simNo_3-n_5-m_12-fp_0.001-fn_0.1-na_0	cell_2,cell_3	mut7	0.02349293736637722270869853839	0.2609272093864804923342537442	0.09003636463064273292503329808	999999
simNo_3-n_5-m_15-fp_0.001-fn_0.1-na_0	cell_2,cell_3	mut7	0.08577079250277404849610902718	0.09463390163540505812016799479	0.9063431922443839629019165241	999999
simNo_3-n_5-m_20-fp_0.001-fn_0.1-na_0	cell_2,cell_3	mut7	0.00003968720729687515361243926305	0.00004382016109209740898970171180	0.9056837379822504070709850820	999999
simNo_3-n_5-m_8-fp_0.001-fn_0.1-na_0	cell_2,cell_3	mut7	0.5136155876517919359493017783	0.5649520288668460261630426099	0.9091313269234163328738495643	999999
simNo_5-n_5-m_10-fp_0.001-fn_0.1-na_0	cell_2,cell_3	mut7	0.07056890430724150727783321557	0.07151200547571636455361797805	0.9868119882500692817881791517	999999
simNo_5-n_5-m_12-fp_0.001-fn_0.1-na_0	cell_2,cell_3	mut7	0.00007049650938552062678919175575	0.00007293155582275558560853251379	0.9666118950875967335431516937	999999
simNo_5-n_5-m_15-fp_0.001-fn_0.1-na_0	cell_2,cell_3	mut7	0.00003623210697317901281567964045	0.00003685513701581938234219168654	0.9830951641185611258405697005	999999
simNo_5-n_5-m_20-fp_0.001-fn_0.1-na_0	cell_2,cell_3	mut7	1.018300000669589242944080994E-7	1.052380363675452173640707352E-7	0.9676159265393010398786233326	999999
simNo_5-n_5-m_8-fp_0.001-fn_0.1-na_0	cell_2,cell_3	mut7	0.01819011597846614323092299213	0.01867356083657501094964089071	0.9741107300134226469822176273	999999
simNo_3-n_5-m_10-fp_0.001-fn_0.1-na_0	cell_2,cell_3	mut9	0.3874978610243210010172428763	0.4209297639721062043470244356	0.9205760537522819634670255308	999999
simNo_3-n_5-m_12-fp_0.001-fn_0.1-na_0	cell_2,cell_3	mut9	0.2365237587313002888851671509	0.2609272093864804923342537442	0.9064741055079684323001946396	999999
simNo_3-n_5-m_15-fp_0.001-fn_0.1-na_0	cell_2,cell_3	mut9	0.08577079251054069637874362731	0.09463390163540505812016799479	0.9063431923264544233649868823	999999
simNo_3-n_5-m_20-fp_0.001-fn_0.1-na_0	cell_2,cell_3	mut9	0.00003968720476126113358354182491	0.00004382016109209740898970171180	0.9056836801181541364122785090	999999
simNo_2-n_5-m_12-fp_0.001-fn_0.1-na_0	cell_3,cell_4	mut10	0.1808393935827589961479891452	0.1995254041492815412478146779	0.9063477122314610763030747738	999999
simNo_2-n_5-m_15-fp_0.001-fn_0.1-na_0	cell_3,cell_4	mut10	0.1575873491654762687692894551	0.1738696225641991863701605366	0.9063535472235186366372347946	999999
simNo_4-n_5-m_12-fp_0.001-fn_0.1-na_0	cell_3,cell_4	mut10	0.2037630639577841165425969021	0.2044346447458847430193366613	0.9967149365072861733861766497	999999
simNo_4-n_5-m_15-fp_0.001-fn_0.1-na_0	cell_3,cell_4	mut10	0.1500069292706172938099666849	0.1621519552562924827259499305	0.9251009587489763680002189297	999999
simNo_6-n_5-m_12-fp_0.001-fn_0.1-na_0	cell_3,cell_4	mut10	0.01108091198009799177598389171	0.01111666879383735710007209179	0.9967834956314262513696748624	999999
simNo_6-n_5-m_15-fp_0.001-fn_0.1-na_0	cell_3,cell_4	mut10	0.1035874712674395285613144189	0.1039217300052874891800294434	0.9967835529890528796051941826	999999
simNo_10-n_5-m_12-fp_0.001-fn_0.1-na_0	cell_3,cell_4	mut11	0.01920279956808212798668857118	0.2116504662827515411724196254	0.09072883185822237192713230688	999999
simNo_10-n_5-m_15-fp_0.001-fn_0.1-na_0	cell_3,cell_4	mut11	0.08699842200653795123977710497	0.08727914776271871888782599135	0.9967835873358438127101643203	999999
simNo_10-n_5-m_20-fp_0.001-fn_0.1-na_0	cell_3,cell_4	mut11	0.0005179297966808488986530614369	0.0005195943591593467253409217431	0.9967964192660002558100670595	999999
simNo_4-n_5-m_12-fp_0.001-fn_0.1-na_0	cell_3,cell_4	mut11	0.2037630639460922312492866815	0.2044346447458847430193366613	0.9967149364500948626480020843	999999
simNo_4-n_5-m_15-fp_0.001-fn_0.1-na_0	cell_3,cell_4	mut11	0.1500069298136745375950481428	0.1621519552562924827259499305	0.9251009620980401700785940024	999999
simNo_6-n_5-m_15-fp_0.001-fn_0.1-na_0	cell_3,cell_4	mut12	0.009441692950031437495440627536	0.1039217300052874892074269524	0.09085388541502386995343402986	999999
simNo_8-n_5-m_15-fp_0.001-fn_0.1-na_0	cell_3,cell_4	mut12	0.0004874544481609034007992835588	0.07414496387493668585643858092	0.006574343322671416565124561992	999999
simNo_10-n_5-m_15-fp_0.001-fn_0.1-na_0	cell_3,cell_4	mut13	0.08699842200593396697110173260	0.08727914776271871888782599135	0.9967835873289236687335366726	999999
simNo_10-n_5-m_20-fp_0.001-fn_0.1-na_0	cell_3,cell_4	mut13	0.0005179296567866790317000127310	0.0005195943591593467253409217431	0.9967961500287242905970374062	999999
simNo_2-n_5-m_15-fp_0.001-fn_0.1-na_0	cell_3,cell_4	mut13	0.1575873477430569760014790489	0.1738696225641991863701605366	0.9063535390425651624752957277	999999
simNo_4-n_5-m_15-fp_0.001-fn_0.1-na_0	cell_3,cell_4	mut13	0.1500069286823517872462248110	0.1621519552562924827259499305	0.9251009551211107302781995892	999999
simNo_8-n_5-m_15-fp_0.001-fn_0.1-na_0	cell_3,cell_4	mut13	0.06708870671160601207144477104	0.07414496387493668585643858092	0.9048316056201369443262394970	999999
simNo_8-n_5-m_10-fp_0.001-fn_0.1-na_0	cell_3,cell_4	mut1	0.01382222901864780789507095204	0.01537210668581159188143242122	0.8991759751059809908999377323	999999
simNo_8-n_5-m_12-fp_0.001-fn_0.1-na_0	cell_3,cell_4	mut1	0.009298103132228929346528108352	0.01106790247099479133089999007	0.8400962293077749627559704773	999999
simNo_8-n_5-m_15-fp_0.001-fn_0.1-na_0	cell_3,cell_4	mut1	0.06708870690927134973019979561	0.07414496387493668491267491767	0.9048316082860676857062252183	999999
simNo_8-n_5-m_8-fp_0.001-fn_0.1-na_0	cell_3,cell_4	mut1	0.1845213603886332762133794304	0.2035886903678953993064684739	0.9063438644612013481125008440	999999
simNo_10-n_5-m_10-fp_0.001-fn_0.1-na_0	cell_3,cell_4	mut2	0.002096736426521038403087798297	0.002103504506207463989007973318	0.9967824743581708946356848378	999999
simNo_10-n_5-m_12-fp_0.001-fn_0.1-na_0	cell_3,cell_4	mut2	0.01920279995250655360828844653	0.2116504662827515442432542986	0.09072883367453977530776120651	999999
simNo_10-n_5-m_15-fp_0.001-fn_0.1-na_0	cell_3,cell_4	mut2	0.007929654219226836058323401779	0.08727914776271872148678510850	0.09085393730911276151537538446	999999
simNo_10-n_5-m_20-fp_0.001-fn_0.1-na_0	cell_3,cell_4	mut2	0.0005179298291261834633370823671	0.0005195943591593467253409217431	0.9967964817095853193150388904	999999
simNo_10-n_5-m_8-fp_0.001-fn_0.1-na_0	cell_3,cell_4	mut2	0.02269500684033184371116410722	0.2502664639321163611475073816	0.09068337196983676160418664036	999999
simNo_4-n_5-m_10-fp_0.001-fn_0.1-na_0	cell_3,cell_4	mut2	0.1211306648626419716191219722	0.1215236220076161626392995853	0.9967664134883211142324541537	999999
simNo_4-n_5-m_12-fp_0.001-fn_0.1-na_0	cell_3,cell_4	mut2	0.2037630643591346640180928321	0.2044346447458847574787618020	0.9967149384705078844736270189	999999
simNo_4-n_5-m_15-fp_0.001-fn_0.1-na_0	cell_3,cell_4	mut2	0.1500069287733264299708322315	0.1621519552562924827259499305	0.9251009556821563407416420316	999999
simNo_4-n_5-m_8-fp_0.001-fn_0.1-na_0	cell_3,cell_4	mut2	0.2082473699704326878274225393	0.2089226616291113851406109561	0.9967677433677467478449279039	999999
simNo_6-n_5-m_10-fp_0.001-fn_0.1-na_0	cell_3,cell_4	mut2	0.1994581540618608875761271536	0.2005455624125467604349200456	0.9945777491279067006865732518	999999
simNo_6-n_5-m_12-fp_0.001-fn_0.1-na_0	cell_3,cell_4	mut2	0.01108091198065480701308298427	0.01111666879383735710007209179	0.9967834956815145689606216192	999999
simNo_6-n_5-m_15-fp_0.001-fn_0.1-na_0	cell_3,cell_4	mut2	0.1035874715164496384310675242	0.1039217300052874891800294434	0.9967835553851841781996612588	999999
simNo_6-n_5-m_8-fp_0.001-fn_0.1-na_0	cell_3,cell_4	mut2	0.2745306052332528708009962992	0.2758767071982433927998668013	0.9951206392933230822648448017	999999
simNo_4-n_5-m_10-fp_0.001-fn_0.1-na_0	cell_3,cell_4	mut3	0.1211306648626405033485930691	0.1215236220076161626392995853	0.9967664134883090320503676859	999999
simNo_4-n_5-m_12-fp_0.001-fn_0.1-na_0	cell_3,cell_4	mut3	0.2037630642847317578908090312	0.2044346447458847574787618020	0.9967149381065631811687263381	999999
simNo_4-n_5-m_15-fp_0.001-fn_0.1-na_0	cell_3,cell_4	mut3	0.1500069299727406338065530051	0.1621519552562924827259499305	0.9251009630790095081299902694	999999
simNo_4-n_5-m_8-fp_0.001-fn_0.1-na_0	cell_3,cell_4	mut3	0.2082473699704326927161224122	0.2089226616291113851406109561	0.9967677433677467712444951637	999999
simNo_10-n_5-m_10-fp_0.001-fn_0.1-na_0	cell_3,cell_4	mut4	0.002096736426520375733217241828	0.002103504506207463989007973318	0.9967824743578558632827208089	999999
simNo_10-n_5-m_12-fp_0.001-fn_0.1-na_0	cell_3,cell_4	mut4	0.01920279986127999488548984480	0.2116504662827515411724196254	0.09072883324351517117430051136	999999
simNo_10-n_5-m_15-fp_0.001-fn_0.1-na_0	cell_3,cell_4	mut4	0.08699842207171790923419358260	0.08727914776271871888782599135	0.9967835880826425574872998684	999999
simNo_10-n_5-m_20-fp_0.001-fn_0.1-na_0	cell_3,cell_4	mut4	0.0005179298060914004756900418691	0.0005195943591593467253409217431	0.9967964373773430969108444044	999999
simNo_10-n_5-m_8-fp_0.001-fn_0.1-na_0	cell_3,cell_4	mut4	0.2489930004527063021699904259	0.2502664639321163611475073816	0.9949115696150344772198643234	999999
simNo_2-n_5-m_10-fp_0.001-fn_0.1-na_0	cell_3,cell_4	mut4	0.1332040888435386949197200203	0.1469672855267443738028202036	0.9063519705499281268443245066	999999
simNo_2-n_5-m_12-fp_0.001-fn_0.1-na_0	cell_3,cell_4	mut4	0.1808393936010015214148554169	0.1995254041492815412478146779	0.9063477123228906631501587775	999999
simNo_2-n_5-m_15-fp_0.001-fn_0.1-na_0	cell_3,cell_4	mut4	0.1575873500420979193880505043	0.1738696225641991863701605366	0.9063535522653519235018189422	999999
simNo_2-n_5-m_8-fp_0.001-fn_0.1-na_0	cell_3,cell_4	mut4	0.03982452121046075088557920615	0.08061926696389475374002822618	0.4939826757330368315191985524	999999
simNo_4-n_5-m_10-fp_0.001-fn_0.1-na_0	cell_3,cell_4	mut4	0.1211306648626385158287368233	0.1215236220076161626392995853	0.9967664134882926770419881526	999999
simNo_4-n_5-m_12-fp_0.001-fn_0.1-na_0	cell_3,cell_4	mut4	0.2037630642207452590198223922	0.2044346447458847574787618020	0.9967149377935707382756795674	999999
simNo_4-n_5-m_15-fp_0.001-fn_0.1-na_0	cell_3,cell_4	mut4	0.1500069285735170889676664914	0.1621519552562924827259499305	0.9251009544499211778208303097	999999
simNo_4-n_5-m_8-fp_0.001-fn_0.1-na_0	cell_3,cell_4	mut4	0.2082473699704326858698994309	0.2089226616291113851406109561	0.9967677433677467384753214996	999999
simNo_10-n_5-m_10-fp_0.001-fn_0.1-na_0	cell_3,cell_4	mut5	0.002096736426518529857198981473	0.002103504506207463989007973318	0.9967824743569783391258610754	999999
simNo_10-n_5-m_12-fp_0.001-fn_0.1-na_0	cell_3,cell_4	mut5	0.2106776234729761283250914581	0.2116504662827515411724196254	0.9954035404369213303696153122	999999
simNo_10-n_5-m_15-fp_0.001-fn_0.1-na_0	cell_3,cell_4	mut5	0.08699842201625203020538085268	0.08727914776271871888782599135	0.9967835874471427794692452995	999999
simNo_10-n_5-m_20-fp_0.001-fn_0.1-na_0	cell_3,cell_4	mut5	0.0005179298035631925879699961670	0.0005195943591593467253409217431	0.9967964325116091966998397297	999999
simNo_10-n_5-m_8-fp_0.001-fn_0.1-na_0	cell_3,cell_4	mut5	0.02269500684033155204805150878	0.2502664639321163611475073816	0.09068337196983559619389548145	999999
simNo_2-n_5-m_10-fp_0.001-fn_0.1-na_0	cell_3,cell_4	mut5	0.1332040888435400164456215420	0.1469672855267443738028202036	0.9063519705499371188175843054	999999
simNo_2-n_5-m_12-fp_0.001-fn_0.1-na_0	cell_3,cell_4	mut5	0.1808393935910527788080368023	0.1995254041492815314231268151	0.9063477122730286731712196964	999999
simNo_2-n_5-m_15-fp_0.001-fn_0.1-na_0	cell_3,cell_4	mut5	0.1575873491908766158932659845	0.1738696225641991863701605366	0.9063535473696071065457593185	999999
simNo_2-n_5-m_8-fp_0.001-fn_0.1-na_0	cell_3,cell_4	mut5	0.003956071399848081392345459839	0.08061926696389475374002822618	0.04907104156156373180816724913	999999
simNo_4-n_5-m_10-fp_0.001-fn_0.1-na_0	cell_3,cell_4	mut5	0.1211306648626388030891365927	0.1215236220076161626392995853	0.9967664134882950408655396873	999999
simNo_4-n_5-m_12-fp_0.001-fn_0.1-na_0	cell_3,cell_4	mut5	0.2037630641664311377059187261	0.2044346447458847574787618020	0.9967149375278911056409228197	999999
simNo_4-n_5-m_15-fp_0.001-fn_0.1-na_0	cell_3,cell_4	mut5	0.1500069276727006507031771901	0.1621519552562924827259499305	0.9251009488945368049300683829	999999
simNo_4-n_5-m_8-fp_0.001-fn_0.1-na_0	cell_3,cell_4	mut5	0.2082473699704326650517442211	0.2089226616291113851406109561	0.9967677433677466388300506253	999999
simNo_8-n_5-m_10-fp_0.001-fn_0.1-na_0	cell_3,cell_4	mut6	0.01382222901863805989672017154	0.01537210668581159188143242122	0.8991759751053468554134999578	999999
simNo_8-n_5-m_12-fp_0.001-fn_0.1-na_0	cell_3,cell_4	mut6	0.0009236580957741827742080823616	0.01106790247099479133089999007	0.08345376173983973455616261147	999999
simNo_8-n_5-m_15-fp_0.001-fn_0.1-na_0	cell_3,cell_4	mut6	0.006664475571550618102333909903	0.07414496387493668491267491767	0.08988439973875850972558764370	999999
simNo_8-n_5-m_8-fp_0.001-fn_0.1-na_0	cell_3,cell_4	mut6	0.1845213603886333104671214048	0.2035886903678954270781925691	0.9063438644612013927270136580	999999
simNo_4-n_5-m_10-fp_0.001-fn_0.1-na_0	cell_3,cell_4	mut8	0.1211306648626378150547455159	0.1215236220076161767170464759	0.9967664134882867950068350139	999999
simNo_4-n_5-m_12-fp_0.001-fn_0.1-na_0	cell_3,cell_4	mut8	0.01857326161294432223719809760	0.2044346447458847430193366613	0.09085183010947659283792778400	999999
simNo_4-n_5-m_15-fp_0.001-fn_0.1-na_0	cell_3,cell_4	mut8	0.1500069299308811350392320049	0.1621519552562924827259499305	0.9251009628208596837806067494	999999
simNo_6-n_5-m_10-fp_0.001-fn_0.1-na_0	cell_3,cell_4	mut8	0.01818004861296397065632204076	0.2005455624125467435196058617	0.09065295883020032974105902129	999999
simNo_6-n_5-m_12-fp_0.001-fn_0.1-na_0	cell_3,cell_4	mut8	0.01108091198032861205616823963	0.01111666879383735710007209179	0.9967834956521716998903859148	999999
simNo_6-n_5-m_15-fp_0.001-fn_0.1-na_0	cell_3,cell_4	mut8	0.1035874712877907804861775142	0.1039217300052874891800294434	0.9967835531848853770417518024	999999
simNo_2-n_5-m_10-fp_0.001-fn_0.1-na_0	cell_3,cell_4	mut9	0.1332040888435405281994866232	0.1469672855267443738028202036	0.9063519705499406009113254195	999999
simNo_2-n_5-m_12-fp_0.001-fn_0.1-na_0	cell_3,cell_4	mut9	0.1808393935854470693195919548	0.1995254041492815412478146779	0.9063477122449334117335628063	999999
simNo_2-n_5-m_15-fp_0.001-fn_0.1-na_0	cell_3,cell_4	mut9	0.1575873476823439584527257446	0.1738696225641991863701605366	0.9063535386933781299542135535	999999
simNo_4-n_5-m_10-fp_0.001-fn_0.1-na_0	cell_3,cell_4	mut9	0.1211306648626381406849846267	0.1215236220076161767170464759	0.9967664134882894745701473252	999999
simNo_4-n_5-m_12-fp_0.001-fn_0.1-na_0	cell_3,cell_4	mut9	0.2037630639554457395810913605	0.2044346447458847430193366613	0.9967149364958479117137865398	999999
simNo_4-n_5-m_15-fp_0.001-fn_0.1-na_0	cell_3,cell_4	mut9	0.1500069300570177666089243464	0.1621519552562924827259499305	0.9251009635987512076313342449	999999
simNo_8-n_5-m_10-fp_0.001-fn_0.1-na_0	cell_3,cell_4	mut9	0.01382222901865657886738244752	0.01537210668581159147179255696	0.8991759751065515919781826413	999999
simNo_8-n_5-m_12-fp_0.001-fn_0.1-na_0	cell_3,cell_4	mut9	0.009298103131992621206979382712	0.01106790247099479133089999007	0.8400962292864242018355513721	999999
simNo_8-n_5-m_15-fp_0.001-fn_0.1-na_0	cell_3,cell_4	mut9	0.006664475525032469451781281597	0.07414496387493668491267491767	0.08988439911136392728278445272	999999
